File Name,File Size,Zipped File Size (non-BWT Text),Compression Ratio (Non-BWT Text),File Name,File Size,Zipped File Size (BWT Text),Compression Ratio (BWT Text)
Output0.zip,1000,672,1.488095238,OutputBWT0.zip,1000,680,1.470588235
Output1.zip,1000,673,1.485884101,OutputBWT1.zip,1000,681,1.468428781
Output10.zip,1000,677,1.477104874,OutputBWT10.zip,1000,684,1.461988304
Output11.zip,1000,678,1.474926254,OutputBWT11.zip,1000,682,1.46627566
Output12.zip,1000,676,1.479289941,OutputBWT12.zip,1000,688,1.453488372
Output13.zip,1000,676,1.479289941,OutputBWT13.zip,1000,685,1.459854015
Output14.zip,1000,675,1.481481481,OutputBWT14.zip,1000,682,1.46627566
Output15.zip,1000,676,1.479289941,OutputBWT15.zip,1000,683,1.464128843
Output16.zip,1000,675,1.481481481,OutputBWT16.zip,1000,683,1.464128843
Output17.zip,1000,677,1.477104874,OutputBWT17.zip,1000,681,1.468428781
Output18.zip,1000,678,1.474926254,OutputBWT18.zip,1000,682,1.46627566
Output19.zip,1000,677,1.477104874,OutputBWT19.zip,1000,685,1.459854015
Output2.zip,1000,674,1.483679525,OutputBWT2.zip,1000,681,1.468428781
Output20.zip,1000,675,1.481481481,OutputBWT20.zip,1000,683,1.464128843
Output21.zip,1000,678,1.474926254,OutputBWT21.zip,1000,682,1.46627566
Output22.zip,1000,675,1.481481481,OutputBWT22.zip,1000,683,1.464128843
Output23.zip,1000,676,1.479289941,OutputBWT23.zip,1000,682,1.46627566
Output24.zip,1000,672,1.488095238,OutputBWT24.zip,1000,684,1.461988304
Output25.zip,1000,671,1.490312966,OutputBWT25.zip,1000,681,1.468428781
Output26.zip,1000,676,1.479289941,OutputBWT26.zip,1000,681,1.468428781
Output27.zip,1000,675,1.481481481,OutputBWT27.zip,1000,680,1.470588235
Output28.zip,1000,674,1.483679525,OutputBWT28.zip,1000,686,1.457725948
Output29.zip,1000,677,1.477104874,OutputBWT29.zip,1000,681,1.468428781
Output3.zip,1000,675,1.481481481,OutputBWT3.zip,1000,680,1.470588235
Output30.zip,1000,681,1.468428781,OutputBWT30.zip,1000,685,1.459854015
Output31.zip,1000,678,1.474926254,OutputBWT31.zip,1000,683,1.464128843
Output32.zip,1000,678,1.474926254,OutputBWT32.zip,1000,682,1.46627566
Output33.zip,1000,676,1.479289941,OutputBWT33.zip,1000,682,1.46627566
Output34.zip,1000,676,1.479289941,OutputBWT34.zip,1000,688,1.453488372
Output35.zip,1000,680,1.470588235,OutputBWT35.zip,1000,682,1.46627566
Output36.zip,1000,676,1.479289941,OutputBWT36.zip,1000,685,1.459854015
Output37.zip,1000,677,1.477104874,OutputBWT37.zip,1000,685,1.459854015
Output38.zip,1000,677,1.477104874,OutputBWT38.zip,1000,683,1.464128843
Output39.zip,1000,680,1.470588235,OutputBWT39.zip,1000,681,1.468428781
Output4.zip,1000,676,1.479289941,OutputBWT4.zip,1000,678,1.474926254
Output40.zip,1000,678,1.474926254,OutputBWT40.zip,1000,683,1.464128843
Output41.zip,1000,677,1.477104874,OutputBWT41.zip,1000,679,1.47275405
Output42.zip,1000,679,1.47275405,OutputBWT42.zip,1000,682,1.46627566
Output43.zip,1000,677,1.477104874,OutputBWT43.zip,1000,685,1.459854015
Output44.zip,1000,677,1.477104874,OutputBWT44.zip,1000,684,1.461988304
Output45.zip,1000,677,1.477104874,OutputBWT45.zip,1000,681,1.468428781
Output46.zip,1000,679,1.47275405,OutputBWT46.zip,1000,685,1.459854015
Output47.zip,1000,678,1.474926254,OutputBWT47.zip,1000,679,1.47275405
Output48.zip,1000,674,1.483679525,OutputBWT48.zip,1000,684,1.461988304
Output49.zip,1000,678,1.474926254,OutputBWT49.zip,1000,682,1.46627566
Output5.zip,1000,675,1.481481481,OutputBWT5.zip,1000,682,1.46627566
Output50.zip,1000,672,1.488095238,OutputBWT50.zip,1000,683,1.464128843
Output51.zip,1000,677,1.477104874,OutputBWT51.zip,1000,683,1.464128843
Output52.zip,1000,677,1.477104874,OutputBWT52.zip,1000,684,1.461988304
Output53.zip,1000,675,1.481481481,OutputBWT53.zip,1000,682,1.46627566
Output54.zip,1000,679,1.47275405,OutputBWT54.zip,1000,682,1.46627566
Output55.zip,1000,678,1.474926254,OutputBWT55.zip,1000,685,1.459854015
Output56.zip,1000,676,1.479289941,OutputBWT56.zip,1000,683,1.464128843
Output57.zip,1000,677,1.477104874,OutputBWT57.zip,1000,684,1.461988304
Output58.zip,1000,679,1.47275405,OutputBWT58.zip,1000,686,1.457725948
Output59.zip,1000,680,1.470588235,OutputBWT59.zip,1000,684,1.461988304
Output6.zip,1000,674,1.483679525,OutputBWT6.zip,1000,677,1.477104874
Output60.zip,1000,679,1.47275405,OutputBWT60.zip,1000,682,1.46627566
Output61.zip,1000,679,1.47275405,OutputBWT61.zip,1000,682,1.46627566
Output62.zip,1000,677,1.477104874,OutputBWT62.zip,1000,684,1.461988304
Output63.zip,1000,676,1.479289941,OutputBWT63.zip,1000,684,1.461988304
Output64.zip,1000,676,1.479289941,OutputBWT64.zip,1000,681,1.468428781
Output65.zip,1000,680,1.470588235,OutputBWT65.zip,1000,685,1.459854015
Output66.zip,1000,675,1.481481481,OutputBWT66.zip,1000,680,1.470588235
Output67.zip,1000,673,1.485884101,OutputBWT67.zip,1000,686,1.457725948
Output68.zip,1000,675,1.481481481,OutputBWT68.zip,1000,679,1.47275405
Output69.zip,1000,677,1.477104874,OutputBWT69.zip,1000,679,1.47275405
Output7.zip,1000,674,1.483679525,OutputBWT7.zip,1000,683,1.464128843
Output70.zip,1000,678,1.474926254,OutputBWT70.zip,1000,682,1.46627566
Output71.zip,1000,675,1.481481481,OutputBWT71.zip,1000,682,1.46627566
Output72.zip,1000,675,1.481481481,OutputBWT72.zip,1000,686,1.457725948
Output73.zip,1000,676,1.479289941,OutputBWT73.zip,1000,685,1.459854015
Output74.zip,1000,676,1.479289941,OutputBWT74.zip,1000,685,1.459854015
Output75.zip,1000,677,1.477104874,OutputBWT75.zip,1000,683,1.464128843
Output76.zip,1000,678,1.474926254,OutputBWT76.zip,1000,686,1.457725948
Output77.zip,1000,676,1.479289941,OutputBWT77.zip,1000,684,1.461988304
Output78.zip,1000,675,1.481481481,OutputBWT78.zip,1000,683,1.464128843
Output79.zip,1000,676,1.479289941,OutputBWT79.zip,1000,679,1.47275405
Output8.zip,1000,676,1.479289941,OutputBWT8.zip,1000,682,1.46627566
Output80.zip,1000,678,1.474926254,OutputBWT80.zip,1000,682,1.46627566
Output81.zip,1000,675,1.481481481,OutputBWT81.zip,1000,683,1.464128843
Output82.zip,1000,677,1.477104874,OutputBWT82.zip,1000,682,1.46627566
Output83.zip,1000,675,1.481481481,OutputBWT83.zip,1000,682,1.46627566
Output84.zip,1000,675,1.481481481,OutputBWT84.zip,1000,682,1.46627566
Output85.zip,1000,676,1.479289941,OutputBWT85.zip,1000,682,1.46627566
Output86.zip,1000,681,1.468428781,OutputBWT86.zip,1000,685,1.459854015
Output87.zip,1000,677,1.477104874,OutputBWT87.zip,1000,686,1.457725948
Output88.zip,1000,677,1.477104874,OutputBWT88.zip,1000,683,1.464128843
Output89.zip,1000,675,1.481481481,OutputBWT89.zip,1000,684,1.461988304
Output9.zip,1000,677,1.477104874,OutputBWT9.zip,1000,682,1.46627566
Output90.zip,1000,678,1.474926254,OutputBWT90.zip,1000,685,1.459854015
Output91.zip,1000,678,1.474926254,OutputBWT91.zip,1000,684,1.461988304
Output92.zip,1000,679,1.47275405,OutputBWT92.zip,1000,680,1.470588235
Output93.zip,1000,673,1.485884101,OutputBWT93.zip,1000,683,1.464128843
Output94.zip,1000,678,1.474926254,OutputBWT94.zip,1000,683,1.464128843
Output95.zip,1000,678,1.474926254,OutputBWT95.zip,1000,683,1.464128843
Output96.zip,1000,678,1.474926254,OutputBWT96.zip,1000,682,1.46627566
Output97.zip,1000,677,1.477104874,OutputBWT97.zip,1000,678,1.474926254
Output98.zip,1000,676,1.479289941,OutputBWT98.zip,1000,682,1.46627566
Output99.zip,1000,678,1.474926254,OutputBWT99.zip,1000,683,1.464128843
,2000,1205,1.659751037,,2000,1212,1.650165017
,2000,1208,1.655629139,,2000,1211,1.651527663
,2000,1206,1.658374793,,2000,1211,1.651527663
,2000,1212,1.650165017,,2000,1213,1.648804617
,2000,1210,1.652892562,,2000,1211,1.651527663
,2000,1207,1.657000829,,2000,1208,1.655629139
,2000,1209,1.654259719,,2000,1218,1.642036125
,2000,1208,1.655629139,,2000,1216,1.644736842
,2000,1210,1.652892562,,2000,1213,1.648804617
,2000,1209,1.654259719,,2000,1212,1.650165017
,2000,1206,1.658374793,,2000,1217,1.643385374
,2000,1207,1.657000829,,2000,1215,1.646090535
,2000,1207,1.657000829,,2000,1214,1.647446458
,2000,1212,1.650165017,,2000,1212,1.650165017
,2000,1207,1.657000829,,2000,1210,1.652892562
,2000,1211,1.651527663,,2000,1216,1.644736842
,2000,1210,1.652892562,,2000,1213,1.648804617
,2000,1211,1.651527663,,2000,1220,1.639344262
,2000,1210,1.652892562,,2000,1217,1.643385374
,2000,1202,1.663893511,,2000,1212,1.650165017
,2000,1209,1.654259719,,2000,1213,1.648804617
,2000,1204,1.661129568,,2000,1211,1.651527663
,2000,1206,1.658374793,,2000,1211,1.651527663
,2000,1202,1.663893511,,2000,1210,1.652892562
,2000,1206,1.658374793,,2000,1213,1.648804617
,2000,1213,1.648804617,,2000,1214,1.647446458
,2000,1208,1.655629139,,2000,1211,1.651527663
,2000,1208,1.655629139,,2000,1218,1.642036125
,2000,1210,1.652892562,,2000,1216,1.644736842
,2000,1206,1.658374793,,2000,1211,1.651527663
,2000,1209,1.654259719,,2000,1212,1.650165017
,2000,1207,1.657000829,,2000,1215,1.646090535
,2000,1205,1.659751037,,2000,1211,1.651527663
,2000,1211,1.651527663,,2000,1223,1.635322976
,2000,1204,1.661129568,,2000,1209,1.654259719
,2000,1205,1.659751037,,2000,1219,1.640689089
,2000,1205,1.659751037,,2000,1212,1.650165017
,2000,1212,1.650165017,,2000,1216,1.644736842
,2000,1208,1.655629139,,2000,1211,1.651527663
,2000,1207,1.657000829,,2000,1210,1.652892562
,2000,1208,1.655629139,,2000,1215,1.646090535
,2000,1210,1.652892562,,2000,1216,1.644736842
,2000,1214,1.647446458,,2000,1218,1.642036125
,2000,1207,1.657000829,,2000,1212,1.650165017
,2000,1211,1.651527663,,2000,1218,1.642036125
,2000,1207,1.657000829,,2000,1214,1.647446458
,2000,1207,1.657000829,,2000,1210,1.652892562
,2000,1209,1.654259719,,2000,1216,1.644736842
,2000,1204,1.661129568,,2000,1210,1.652892562
,2000,1212,1.650165017,,2000,1215,1.646090535
,2000,1202,1.663893511,,2000,1211,1.651527663
,2000,1207,1.657000829,,2000,1211,1.651527663
,2000,1208,1.655629139,,2000,1217,1.643385374
,2000,1204,1.661129568,,2000,1219,1.640689089
,2000,1205,1.659751037,,2000,1214,1.647446458
,2000,1210,1.652892562,,2000,1219,1.640689089
,2000,1205,1.659751037,,2000,1209,1.654259719
,2000,1210,1.652892562,,2000,1216,1.644736842
,2000,1207,1.657000829,,2000,1219,1.640689089
,2000,1202,1.663893511,,2000,1216,1.644736842
,2000,1203,1.662510391,,2000,1219,1.640689089
,2000,1203,1.662510391,,2000,1215,1.646090535
,2000,1204,1.661129568,,2000,1214,1.647446458
,2000,1204,1.661129568,,2000,1213,1.648804617
,2000,1207,1.657000829,,2000,1215,1.646090535
,2000,1209,1.654259719,,2000,1212,1.650165017
,2000,1211,1.651527663,,2000,1212,1.650165017
,2000,1205,1.659751037,,2000,1210,1.652892562
,2000,1207,1.657000829,,2000,1211,1.651527663
,2000,1207,1.657000829,,2000,1216,1.644736842
,2000,1212,1.650165017,,2000,1212,1.650165017
,2000,1205,1.659751037,,2000,1212,1.650165017
,2000,1207,1.657000829,,2000,1214,1.647446458
,2000,1200,1.666666667,,2000,1218,1.642036125
,2000,1207,1.657000829,,2000,1214,1.647446458
,2000,1206,1.658374793,,2000,1213,1.648804617
,2000,1212,1.650165017,,2000,1214,1.647446458
,2000,1203,1.662510391,,2000,1212,1.650165017
,2000,1201,1.665278934,,2000,1209,1.654259719
,2000,1207,1.657000829,,2000,1212,1.650165017
,2000,1209,1.654259719,,2000,1217,1.643385374
,2000,1214,1.647446458,,2000,1213,1.648804617
,2000,1205,1.659751037,,2000,1214,1.647446458
,2000,1206,1.658374793,,2000,1215,1.646090535
,2000,1211,1.651527663,,2000,1214,1.647446458
,2000,1210,1.652892562,,2000,1213,1.648804617
,2000,1206,1.658374793,,2000,1212,1.650165017
,2000,1211,1.651527663,,2000,1212,1.650165017
,2000,1211,1.651527663,,2000,1216,1.644736842
,2000,1208,1.655629139,,2000,1215,1.646090535
,2000,1206,1.658374793,,2000,1215,1.646090535
,2000,1205,1.659751037,,2000,1209,1.654259719
,2000,1207,1.657000829,,2000,1208,1.655629139
,2000,1200,1.666666667,,2000,1211,1.651527663
,2000,1203,1.662510391,,2000,1215,1.646090535
,2000,1207,1.657000829,,2000,1213,1.648804617
,2000,1211,1.651527663,,2000,1215,1.646090535
,2000,1203,1.662510391,,2000,1215,1.646090535
,2000,1209,1.654259719,,2000,1211,1.651527663
,2000,1207,1.657000829,,2000,1214,1.647446458
,5000,2825,1.769911504,,5000,2825,1.769911504
,5000,2832,1.765536723,,5000,2836,1.763046544
,5000,2833,1.764913519,,5000,2835,1.76366843
,5000,2832,1.765536723,,5000,2837,1.762425097
,5000,2840,1.76056338,,5000,2843,1.758705593
,5000,2826,1.769285209,,5000,2846,1.756851722
,5000,2829,1.767408978,,5000,2839,1.761183515
,5000,2829,1.767408978,,5000,2841,1.759943682
,5000,2827,1.768659356,,5000,2849,1.755001755
,5000,2839,1.761183515,,5000,2839,1.761183515
,5000,2828,1.768033946,,5000,2828,1.768033946
,5000,2836,1.763046544,,5000,2838,1.761804087
,5000,2830,1.766784452,,5000,2829,1.767408978
,5000,2841,1.759943682,,5000,2841,1.759943682
,5000,2833,1.764913519,,5000,2839,1.761183515
,5000,2826,1.769285209,,5000,2840,1.76056338
,5000,2829,1.767408978,,5000,2828,1.768033946
,5000,2834,1.764290755,,5000,2843,1.758705593
,5000,2829,1.767408978,,5000,2844,1.758087201
,5000,2837,1.762425097,,5000,2844,1.758087201
,5000,2831,1.766160367,,5000,2841,1.759943682
,5000,2833,1.764913519,,5000,2831,1.766160367
,5000,2829,1.767408978,,5000,2840,1.76056338
,5000,2837,1.762425097,,5000,2829,1.767408978
,5000,2832,1.765536723,,5000,2842,1.759324419
,5000,2840,1.76056338,,5000,2833,1.764913519
,5000,2834,1.764290755,,5000,2838,1.761804087
,5000,2831,1.766160367,,5000,2836,1.763046544
,5000,2844,1.758087201,,5000,2852,1.75315568
,5000,2833,1.764913519,,5000,2831,1.766160367
,5000,2826,1.769285209,,5000,2833,1.764913519
,5000,2839,1.761183515,,5000,2845,1.757469244
,5000,2820,1.773049645,,5000,2854,1.75192712
,5000,2836,1.763046544,,5000,2845,1.757469244
,5000,2837,1.762425097,,5000,2833,1.764913519
,5000,2830,1.766784452,,5000,2843,1.758705593
,5000,2836,1.763046544,,5000,2833,1.764913519
,5000,2832,1.765536723,,5000,2851,1.753770607
,5000,2821,1.772421127,,5000,2831,1.766160367
,5000,2838,1.761804087,,5000,2838,1.761804087
,5000,2824,1.770538244,,5000,2825,1.769911504
,5000,2825,1.769911504,,5000,2830,1.766784452
,5000,2821,1.772421127,,5000,2843,1.758705593
,5000,2845,1.757469244,,5000,2843,1.758705593
,5000,2826,1.769285209,,5000,2848,1.755617978
,5000,2824,1.770538244,,5000,2838,1.761804087
,5000,2834,1.764290755,,5000,2838,1.761804087
,5000,2842,1.759324419,,5000,2831,1.766160367
,5000,2834,1.764290755,,5000,2839,1.761183515
,5000,2840,1.76056338,,5000,2846,1.756851722
,5000,2829,1.767408978,,5000,2844,1.758087201
,5000,2834,1.764290755,,5000,2835,1.76366843
,5000,2835,1.76366843,,5000,2838,1.761804087
,5000,2835,1.76366843,,5000,2822,1.771793055
,5000,2832,1.765536723,,5000,2830,1.766784452
,5000,2836,1.763046544,,5000,2833,1.764913519
,5000,2825,1.769911504,,5000,2840,1.76056338
,5000,2837,1.762425097,,5000,2844,1.758087201
,5000,2839,1.761183515,,5000,2835,1.76366843
,5000,2833,1.764913519,,5000,2830,1.766784452
,5000,2834,1.764290755,,5000,2826,1.769285209
,5000,2840,1.76056338,,5000,2836,1.763046544
,5000,2830,1.766784452,,5000,2837,1.762425097
,5000,2831,1.766160367,,5000,2830,1.766784452
,5000,2833,1.764913519,,5000,2845,1.757469244
,5000,2833,1.764913519,,5000,2847,1.756234633
,5000,2835,1.76366843,,5000,2831,1.766160367
,5000,2828,1.768033946,,5000,2845,1.757469244
,5000,2830,1.766784452,,5000,2839,1.761183515
,5000,2833,1.764913519,,5000,2846,1.756851722
,5000,2831,1.766160367,,5000,2845,1.757469244
,5000,2833,1.764913519,,5000,2837,1.762425097
,5000,2822,1.771793055,,5000,2832,1.765536723
,5000,2831,1.766160367,,5000,2842,1.759324419
,5000,2830,1.766784452,,5000,2847,1.756234633
,5000,2827,1.768659356,,5000,2844,1.758087201
,5000,2836,1.763046544,,5000,2848,1.755617978
,5000,2841,1.759943682,,5000,2853,1.752541185
,5000,2828,1.768033946,,5000,2832,1.765536723
,5000,2831,1.766160367,,5000,2843,1.758705593
,5000,2837,1.762425097,,5000,2842,1.759324419
,5000,2832,1.765536723,,5000,2841,1.759943682
,5000,2832,1.765536723,,5000,2825,1.769911504
,5000,2832,1.765536723,,5000,2839,1.761183515
,5000,2823,1.771165427,,5000,2837,1.762425097
,5000,2837,1.762425097,,5000,2835,1.76366843
,5000,2838,1.761804087,,5000,2836,1.763046544
,5000,2845,1.757469244,,5000,2837,1.762425097
,5000,2834,1.764290755,,5000,2850,1.754385965
,5000,2830,1.766784452,,5000,2836,1.763046544
,5000,2829,1.767408978,,5000,2828,1.768033946
,5000,2833,1.764913519,,5000,2838,1.761804087
,5000,2829,1.767408978,,5000,2834,1.764290755
,5000,2827,1.768659356,,5000,2841,1.759943682
,5000,2830,1.766784452,,5000,2837,1.762425097
,5000,2841,1.759943682,,5000,2838,1.761804087
,5000,2826,1.769285209,,5000,2835,1.76366843
,5000,2829,1.767408978,,5000,2840,1.76056338
,5000,2825,1.769911504,,5000,2842,1.759324419
,5000,2829,1.767408978,,5000,2822,1.771793055
,10000,5517,1.8125793,,10000,5517,1.8125793
,10000,5487,1.822489521,,10000,5509,1.815211472
,10000,5529,1.808645325,,10000,5541,1.804728388
,10000,5536,1.806358382,,10000,5549,1.802126509
,10000,5513,1.813894431,,10000,5524,1.810282404
,10000,5507,1.81587071,,10000,5528,1.808972504
,10000,5506,1.816200509,,10000,5529,1.808645325
,10000,5510,1.814882033,,10000,5534,1.807011203
,10000,5512,1.814223512,,10000,5499,1.818512457
,10000,5500,1.818181818,,10000,5533,1.807337791
,10000,5498,1.818843216,,10000,5521,1.811266075
,10000,5517,1.8125793,,10000,5510,1.814882033
,10000,5522,1.810938066,,10000,5524,1.810282404
,10000,5508,1.815541031,,10000,5541,1.804728388
,10000,5524,1.810282404,,10000,5532,1.807664497
,10000,5530,1.808318264,,10000,5523,1.810610176
,10000,5513,1.813894431,,10000,5543,1.804077215
,10000,5538,1.805706031,,10000,5527,1.809299801
,10000,5528,1.808972504,,10000,5522,1.810938066
,10000,5514,1.81356547,,10000,5542,1.804402743
,10000,5550,1.801801802,,10000,5535,1.806684734
,10000,5528,1.808972504,,10000,5536,1.806358382
,10000,5537,1.806032147,,10000,5522,1.810938066
,10000,5501,1.8178513,,10000,5537,1.806032147
,10000,5520,1.811594203,,10000,5537,1.806032147
,10000,5514,1.81356547,,10000,5498,1.818843216
,10000,5513,1.813894431,,10000,5532,1.807664497
,10000,5527,1.809299801,,10000,5529,1.808645325
,10000,5514,1.81356547,,10000,5539,1.805380032
,10000,5527,1.809299801,,10000,5516,1.812907904
,10000,5515,1.813236627,,10000,5524,1.810282404
,10000,5509,1.815211472,,10000,5543,1.804077215
,10000,5504,1.816860465,,10000,5527,1.809299801
,10000,5536,1.806358382,,10000,5512,1.814223512
,10000,5509,1.815211472,,10000,5538,1.805706031
,10000,5525,1.809954751,,10000,5506,1.816200509
,10000,5514,1.81356547,,10000,5531,1.807991322
,10000,5518,1.812250816,,10000,5517,1.8125793
,10000,5525,1.809954751,,10000,5523,1.810610176
,10000,5511,1.814552713,,10000,5540,1.805054152
,10000,5523,1.810610176,,10000,5521,1.811266075
,10000,5533,1.807337791,,10000,5504,1.816860465
,10000,5503,1.817190623,,10000,5533,1.807337791
,10000,5524,1.810282404,,10000,5515,1.813236627
,10000,5543,1.804077215,,10000,5515,1.813236627
,10000,5509,1.815211472,,10000,5503,1.817190623
,10000,5493,1.820498817,,10000,5540,1.805054152
,10000,5523,1.810610176,,10000,5525,1.809954751
,10000,5525,1.809954751,,10000,5536,1.806358382
,10000,5514,1.81356547,,10000,5528,1.808972504
,10000,5513,1.813894431,,10000,5537,1.806032147
,10000,5517,1.8125793,,10000,5534,1.807011203
,10000,5518,1.812250816,,10000,5535,1.806684734
,10000,5513,1.813894431,,10000,5513,1.813894431
,10000,5507,1.81587071,,10000,5544,1.803751804
,10000,5523,1.810610176,,10000,5535,1.806684734
,10000,5514,1.81356547,,10000,5517,1.8125793
,10000,5511,1.814552713,,10000,5536,1.806358382
,10000,5517,1.8125793,,10000,5519,1.81192245
,10000,5519,1.81192245,,10000,5527,1.809299801
,10000,5541,1.804728388,,10000,5545,1.80342651
,10000,5517,1.8125793,,10000,5536,1.806358382
,10000,5532,1.807664497,,10000,5503,1.817190623
,10000,5530,1.808318264,,10000,5522,1.810938066
,10000,5521,1.811266075,,10000,5560,1.798561151
,10000,5521,1.811266075,,10000,5546,1.803101334
,10000,5528,1.808972504,,10000,5515,1.813236627
,10000,5532,1.807664497,,10000,5531,1.807991322
,10000,5531,1.807991322,,10000,5522,1.810938066
,10000,5540,1.805054152,,10000,5518,1.812250816
,10000,5513,1.813894431,,10000,5519,1.81192245
,10000,5519,1.81192245,,10000,5519,1.81192245
,10000,5528,1.808972504,,10000,5530,1.808318264
,10000,5515,1.813236627,,10000,5554,1.800504141
,10000,5528,1.808972504,,10000,5531,1.807991322
,10000,5505,1.816530427,,10000,5533,1.807337791
,10000,5514,1.81356547,,10000,5548,1.802451334
,10000,5521,1.811266075,,10000,5502,1.817520901
,10000,5525,1.809954751,,10000,5532,1.807664497
,10000,5513,1.813894431,,10000,5504,1.816860465
,10000,5521,1.811266075,,10000,5528,1.808972504
,10000,5512,1.814223512,,10000,5529,1.808645325
,10000,5526,1.809627217,,10000,5518,1.812250816
,10000,5512,1.814223512,,10000,5541,1.804728388
,10000,5518,1.812250816,,10000,5525,1.809954751
,10000,5516,1.812907904,,10000,5534,1.807011203
,10000,5522,1.810938066,,10000,5522,1.810938066
,10000,5518,1.812250816,,10000,5530,1.808318264
,10000,5495,1.819836215,,10000,5539,1.805380032
,10000,5509,1.815211472,,10000,5521,1.811266075
,10000,5515,1.813236627,,10000,5528,1.808972504
,10000,5527,1.809299801,,10000,5530,1.808318264
,10000,5531,1.807991322,,10000,5543,1.804077215
,10000,5513,1.813894431,,10000,5529,1.808645325
,10000,5523,1.810610176,,10000,5507,1.81587071
,10000,5512,1.814223512,,10000,5523,1.810610176
,10000,5538,1.805706031,,10000,5523,1.810610176
,10000,5519,1.81192245,,10000,5525,1.809954751
,10000,5550,1.801801802,,10000,5549,1.802126509
,10000,5488,1.822157434,,10000,5519,1.81192245
,15000,8221,1.824595548,,15000,8200,1.829268293
,15000,8179,1.833965032,,15000,8190,1.831501832
,15000,8200,1.829268293,,15000,8180,1.833740831
,15000,8179,1.833965032,,15000,8214,1.826150475
,15000,8196,1.830161054,,15000,8210,1.827040195
,15000,8188,1.831949194,,15000,8206,1.827930782
,15000,8214,1.826150475,,15000,8199,1.829491401
,15000,8204,1.828376402,,15000,8186,1.832396775
,15000,8181,1.833516685,,15000,8217,1.825483753
,15000,8218,1.825261621,,15000,8204,1.828376402
,15000,8194,1.830607762,,15000,8194,1.830607762
,15000,8202,1.828822238,,15000,8204,1.828376402
,15000,8192,1.831054688,,15000,8197,1.829937782
,15000,8175,1.834862385,,15000,8199,1.829491401
,15000,8194,1.830607762,,15000,8210,1.827040195
,15000,8173,1.835311391,,15000,8194,1.830607762
,15000,8186,1.832396775,,15000,8195,1.830384381
,15000,8218,1.825261621,,15000,8187,1.832172957
,15000,8197,1.829937782,,15000,8201,1.829045238
,15000,8198,1.829714565,,15000,8199,1.829491401
,15000,8186,1.832396775,,15000,8194,1.830607762
,15000,8211,1.826817684,,15000,8217,1.825483753
,15000,8214,1.826150475,,15000,8229,1.822821728
,15000,8195,1.830384381,,15000,8197,1.829937782
,15000,8170,1.835985312,,15000,8190,1.831501832
,15000,8205,1.828153565,,15000,8210,1.827040195
,15000,8201,1.829045238,,15000,8200,1.829268293
,15000,8192,1.831054688,,15000,8205,1.828153565
,15000,8219,1.825039543,,15000,8208,1.82748538
,15000,8160,1.838235294,,15000,8197,1.829937782
,15000,8156,1.839136832,,15000,8205,1.828153565
,15000,8193,1.830831197,,15000,8193,1.830831197
,15000,8184,1.832844575,,15000,8189,1.831725485
,15000,8205,1.828153565,,15000,8209,1.82726276
,15000,8199,1.829491401,,15000,8224,1.823929961
,15000,8175,1.834862385,,15000,8184,1.832844575
,15000,8173,1.835311391,,15000,8192,1.831054688
,15000,8202,1.828822238,,15000,8191,1.831278232
,15000,8226,1.823486506,,15000,8219,1.825039543
,15000,8174,1.835086861,,15000,8205,1.828153565
,15000,8196,1.830161054,,15000,8209,1.82726276
,15000,8203,1.828599293,,15000,8203,1.828599293
,15000,8208,1.82748538,,15000,8192,1.831054688
,15000,8175,1.834862385,,15000,8198,1.829714565
,15000,8202,1.828822238,,15000,8186,1.832396775
,15000,8205,1.828153565,,15000,8212,1.826595226
,15000,8163,1.837559721,,15000,8209,1.82726276
,15000,8186,1.832396775,,15000,8234,1.821714841
,15000,8197,1.829937782,,15000,8201,1.829045238
,15000,8192,1.831054688,,15000,8204,1.828376402
,15000,8202,1.828822238,,15000,8182,1.833292593
,15000,8200,1.829268293,,15000,8191,1.831278232
,15000,8179,1.833965032,,15000,8216,1.82570594
,15000,8201,1.829045238,,15000,8202,1.828822238
,15000,8191,1.831278232,,15000,8189,1.831725485
,15000,8201,1.829045238,,15000,8194,1.830607762
,15000,8185,1.832620648,,15000,8232,1.822157434
,15000,8205,1.828153565,,15000,8186,1.832396775
,15000,8185,1.832620648,,15000,8192,1.831054688
,15000,8194,1.830607762,,15000,8203,1.828599293
,15000,8207,1.827708054,,15000,8190,1.831501832
,15000,8190,1.831501832,,15000,8219,1.825039543
,15000,8163,1.837559721,,15000,8222,1.824373632
,15000,8188,1.831949194,,15000,8206,1.827930782
,15000,8186,1.832396775,,15000,8208,1.82748538
,15000,8187,1.832172957,,15000,8189,1.831725485
,15000,8216,1.82570594,,15000,8206,1.827930782
,15000,8186,1.832396775,,15000,8202,1.828822238
,15000,8160,1.838235294,,15000,8212,1.826595226
,15000,8201,1.829045238,,15000,8190,1.831501832
,15000,8195,1.830384381,,15000,8166,1.836884644
,15000,8200,1.829268293,,15000,8193,1.830831197
,15000,8204,1.828376402,,15000,8186,1.832396775
,15000,8208,1.82748538,,15000,8203,1.828599293
,15000,8170,1.835985312,,15000,8227,1.82326486
,15000,8153,1.839813566,,15000,8209,1.82726276
,15000,8195,1.830384381,,15000,8199,1.829491401
,15000,8180,1.833740831,,15000,8211,1.826817684
,15000,8182,1.833292593,,15000,8225,1.823708207
,15000,8173,1.835311391,,15000,8202,1.828822238
,15000,8188,1.831949194,,15000,8194,1.830607762
,15000,8195,1.830384381,,15000,8204,1.828376402
,15000,8212,1.826595226,,15000,8180,1.833740831
,15000,8193,1.830831197,,15000,8192,1.831054688
,15000,8191,1.831278232,,15000,8165,1.837109614
,15000,8203,1.828599293,,15000,8212,1.826595226
,15000,8203,1.828599293,,15000,8200,1.829268293
,15000,8192,1.831054688,,15000,8178,1.834189288
,15000,8218,1.825261621,,15000,8215,1.82592818
,15000,8206,1.827930782,,15000,8212,1.826595226
,15000,8185,1.832620648,,15000,8165,1.837109614
,15000,8184,1.832844575,,15000,8190,1.831501832
,15000,8203,1.828599293,,15000,8184,1.832844575
,15000,8189,1.831725485,,15000,8177,1.834413599
,15000,8213,1.826372824,,15000,8191,1.831278232
,15000,8172,1.835535977,,15000,8189,1.831725485
,15000,8211,1.826817684,,15000,8211,1.826817684
,15000,8188,1.831949194,,15000,8199,1.829491401
,15000,8187,1.832172957,,15000,8216,1.82570594
,15000,8182,1.833292593,,15000,8194,1.830607762
,20000,10870,1.839926403,,20000,10904,1.834189288
,20000,10876,1.838911364,,20000,10891,1.836378661
,20000,10889,1.836715952,,20000,10899,1.835030737
,20000,10862,1.841281532,,20000,10899,1.835030737
,20000,10891,1.836378661,,20000,10895,1.835704452
,20000,10890,1.836547291,,20000,10885,1.837390905
,20000,10901,1.834694065,,20000,10868,1.840264998
,20000,10860,1.841620626,,20000,10894,1.835872958
,20000,10893,1.836041495,,20000,10876,1.838911364
,20000,10881,1.838066354,,20000,10913,1.832676624
,20000,10879,1.838404265,,20000,10917,1.83200513
,20000,10898,1.835199119,,20000,10891,1.836378661
,20000,10847,1.843827786,,20000,10914,1.832508704
,20000,10885,1.837390905,,20000,10882,1.837897445
,20000,10888,1.836884644,,20000,10897,1.835367532
,20000,10922,1.831166453,,20000,10885,1.837390905
,20000,10875,1.83908046,,20000,10907,1.83368479
,20000,10853,1.84280844,,20000,10875,1.83908046
,20000,10884,1.837559721,,20000,10886,1.83722212
,20000,10903,1.834357516,,20000,10882,1.837897445
,20000,10916,1.832172957,,20000,10904,1.834189288
,20000,10896,1.835535977,,20000,10903,1.834357516
,20000,10899,1.835030737,,20000,10893,1.836041495
,20000,10903,1.834357516,,20000,10894,1.835872958
,20000,10886,1.83722212,,20000,10892,1.836210062
,20000,10881,1.838066354,,20000,10882,1.837897445
,20000,10863,1.841112032,,20000,10901,1.834694065
,20000,10862,1.841281532,,20000,10902,1.834525775
,20000,10895,1.835704452,,20000,10870,1.839926403
,20000,10880,1.838235294,,20000,10893,1.836041495
,20000,10886,1.83722212,,20000,10881,1.838066354
,20000,10869,1.840095685,,20000,10888,1.836884644
,20000,10921,1.831334127,,20000,10897,1.835367532
,20000,10894,1.835872958,,20000,10887,1.837053366
,20000,10865,1.840773125,,20000,10870,1.839926403
,20000,10854,1.842638659,,20000,10882,1.837897445
,20000,10877,1.8387423,,20000,10911,1.833012556
,20000,10873,1.839418744,,20000,10885,1.837390905
,20000,10857,1.842129502,,20000,10888,1.836884644
,20000,10878,1.838573267,,20000,10903,1.834357516
,20000,10874,1.839249586,,20000,10900,1.834862385
,20000,10885,1.837390905,,20000,10887,1.837053366
,20000,10873,1.839418744,,20000,10875,1.83908046
,20000,10890,1.836547291,,20000,10887,1.837053366
,20000,10873,1.839418744,,20000,10912,1.832844575
,20000,10904,1.834189288,,20000,10881,1.838066354
,20000,10882,1.837897445,,20000,10877,1.8387423
,20000,10883,1.837728567,,20000,10862,1.841281532
,20000,10870,1.839926403,,20000,10883,1.837728567
,20000,10886,1.83722212,,20000,10900,1.834862385
,20000,10871,1.839757152,,20000,10869,1.840095685
,20000,10874,1.839249586,,20000,10927,1.830328544
,20000,10878,1.838573267,,20000,10879,1.838404265
,20000,10888,1.836884644,,20000,10891,1.836378661
,20000,10905,1.834021091,,20000,10862,1.841281532
,20000,10894,1.835872958,,20000,10888,1.836884644
,20000,10877,1.8387423,,20000,10881,1.838066354
,20000,10858,1.841959845,,20000,10909,1.833348611
,20000,10901,1.834694065,,20000,10884,1.837559721
,20000,10872,1.839587932,,20000,10904,1.834189288
,20000,10887,1.837053366,,20000,10907,1.83368479
,20000,10879,1.838404265,,20000,10914,1.832508704
,20000,10890,1.836547291,,20000,10887,1.837053366
,20000,10900,1.834862385,,20000,10897,1.835367532
,20000,10870,1.839926403,,20000,10877,1.8387423
,20000,10880,1.838235294,,20000,10894,1.835872958
,20000,10893,1.836041495,,20000,10903,1.834357516
,20000,10872,1.839587932,,20000,10901,1.834694065
,20000,10875,1.83908046,,20000,10880,1.838235294
,20000,10850,1.843317972,,20000,10880,1.838235294
,20000,10868,1.840264998,,20000,10879,1.838404265
,20000,10885,1.837390905,,20000,10859,1.84179022
,20000,10876,1.838911364,,20000,10892,1.836210062
,20000,10905,1.834021091,,20000,10851,1.843148097
,20000,10895,1.835704452,,20000,10875,1.83908046
,20000,10898,1.835199119,,20000,10899,1.835030737
,20000,10867,1.840434343,,20000,10879,1.838404265
,20000,10877,1.8387423,,20000,10872,1.839587932
,20000,10868,1.840264998,,20000,10868,1.840264998
,20000,10887,1.837053366,,20000,10880,1.838235294
,20000,10891,1.836378661,,20000,10887,1.837053366
,20000,10857,1.842129502,,20000,10868,1.840264998
,20000,10890,1.836547291,,20000,10892,1.836210062
,20000,10877,1.8387423,,20000,10868,1.840264998
,20000,10915,1.832340815,,20000,10890,1.836547291
,20000,10903,1.834357516,,20000,10870,1.839926403
,20000,10886,1.83722212,,20000,10891,1.836378661
,20000,10885,1.837390905,,20000,10883,1.837728567
,20000,10856,1.842299189,,20000,10873,1.839418744
,20000,10888,1.836884644,,20000,10886,1.83722212
,20000,10865,1.840773125,,20000,10866,1.840603718
,20000,10897,1.835367532,,20000,10889,1.836715952
,20000,10903,1.834357516,,20000,10872,1.839587932
,20000,10876,1.838911364,,20000,10870,1.839926403
,20000,10850,1.843317972,,20000,10874,1.839249586
,20000,10868,1.840264998,,20000,10865,1.840773125
,20000,10877,1.8387423,,20000,10913,1.832676624
,20000,10871,1.839757152,,20000,10925,1.830663616
,20000,10878,1.838573267,,20000,10880,1.838235294
,20000,10842,1.844678104,,20000,10892,1.836210062
,25000,13542,1.846108403,,25000,13597,1.838640877
,25000,13558,1.843929783,,25000,13566,1.8428424
,25000,13591,1.839452579,,25000,13537,1.846790278
,25000,13563,1.843250018,,25000,13566,1.8428424
,25000,13546,1.845563266,,25000,13555,1.844337883
,25000,13528,1.848018924,,25000,13575,1.841620626
,25000,13557,1.844065796,,25000,13585,1.840264998
,25000,13530,1.84774575,,25000,13547,1.845427032
,25000,13559,1.84379379,,25000,13542,1.846108403
,25000,13561,1.843521864,,25000,13557,1.844065796
,25000,13573,1.841891991,,25000,13558,1.843929783
,25000,13568,1.842570755,,25000,13597,1.838640877
,25000,13558,1.843929783,,25000,13573,1.841891991
,25000,13577,1.841349341,,25000,13589,1.839723306
,25000,13565,1.842978253,,25000,13551,1.844882297
,25000,13532,1.847472657,,25000,13581,1.84080701
,25000,13577,1.841349341,,25000,13576,1.841484973
,25000,13547,1.845427032,,25000,13541,1.846244738
,25000,13566,1.8428424,,25000,13561,1.843521864
,25000,13515,1.849796522,,25000,13538,1.846653863
,25000,13560,1.843657817,,25000,13556,1.844201829
,25000,13552,1.844746163,,25000,13533,1.847336141
,25000,13524,1.848565513,,25000,13544,1.845835794
,25000,13541,1.846244738,,25000,13587,1.839994112
,25000,13546,1.845563266,,25000,13579,1.841078135
,25000,13549,1.845154624,,25000,13530,1.84774575
,25000,13575,1.841620626,,25000,13574,1.841756299
,25000,13545,1.84569952,,25000,13580,1.840942563
,25000,13519,1.849249205,,25000,13542,1.846108403
,25000,13554,1.844473956,,25000,13545,1.84569952
,25000,13537,1.846790278,,25000,13565,1.842978253
,25000,13547,1.845427032,,25000,13565,1.842978253
,25000,13579,1.841078135,,25000,13543,1.845972089
,25000,13591,1.839452579,,25000,13572,1.842027704
,25000,13554,1.844473956,,25000,13570,1.842299189
,25000,13549,1.845154624,,25000,13549,1.845154624
,25000,13574,1.841756299,,25000,13575,1.841620626
,25000,13533,1.847336141,,25000,13568,1.842570755
,25000,13569,1.842434962,,25000,13589,1.839723306
,25000,13577,1.841349341,,25000,13588,1.839858699
,25000,13538,1.846653863,,25000,13574,1.841756299
,25000,13525,1.848428835,,25000,13560,1.843657817
,25000,13531,1.847609194,,25000,13590,1.839587932
,25000,13541,1.846244738,,25000,13591,1.839452579
,25000,13548,1.845290818,,25000,13555,1.844337883
,25000,13576,1.841484973,,25000,13560,1.843657817
,25000,13596,1.838776111,,25000,13569,1.842434962
,25000,13550,1.84501845,,25000,13595,1.838911364
,25000,13534,1.847199645,,25000,13574,1.841756299
,25000,13572,1.842027704,,25000,13568,1.842570755
,25000,13578,1.841213728,,25000,13547,1.845427032
,25000,13534,1.847199645,,25000,13561,1.843521864
,25000,13548,1.845290818,,25000,13549,1.845154624
,25000,13575,1.841620626,,25000,13549,1.845154624
,25000,13570,1.842299189,,25000,13575,1.841620626
,25000,13567,1.842706567,,25000,13575,1.841620626
,25000,13565,1.842978253,,25000,13567,1.842706567
,25000,13587,1.839994112,,25000,13558,1.843929783
,25000,13545,1.84569952,,25000,13569,1.842434962
,25000,13533,1.847336141,,25000,13588,1.839858699
,25000,13547,1.845427032,,25000,13546,1.845563266
,25000,13559,1.84379379,,25000,13558,1.843929783
,25000,13514,1.849933402,,25000,13561,1.843521864
,25000,13555,1.844337883,,25000,13560,1.843657817
,25000,13583,1.840535964,,25000,13574,1.841756299
,25000,13562,1.843385931,,25000,13594,1.839046638
,25000,13506,1.851029172,,25000,13556,1.844201829
,25000,13532,1.847472657,,25000,13585,1.840264998
,25000,13546,1.845563266,,25000,13571,1.842163437
,25000,13538,1.846653863,,25000,13555,1.844337883
,25000,13554,1.844473956,,25000,13605,1.837559721
,25000,13538,1.846653863,,25000,13576,1.841484973
,25000,13597,1.838640877,,25000,13540,1.846381093
,25000,13536,1.846926714,,25000,13533,1.847336141
,25000,13539,1.846517468,,25000,13571,1.842163437
,25000,13543,1.845972089,,25000,13551,1.844882297
,25000,13561,1.843521864,,25000,13552,1.844746163
,25000,13586,1.840129545,,25000,13566,1.8428424
,25000,13546,1.845563266,,25000,13563,1.843250018
,25000,13565,1.842978253,,25000,13580,1.840942563
,25000,13545,1.84569952,,25000,13533,1.847336141
,25000,13577,1.841349341,,25000,13573,1.841891991
,25000,13577,1.841349341,,25000,13552,1.844746163
,25000,13534,1.847199645,,25000,13543,1.845972089
,25000,13571,1.842163437,,25000,13567,1.842706567
,25000,13562,1.843385931,,25000,13582,1.840671477
,25000,13567,1.842706567,,25000,13574,1.841756299
,25000,13535,1.84706317,,25000,13591,1.839452579
,25000,13562,1.843385931,,25000,13558,1.843929783
,25000,13562,1.843385931,,25000,13582,1.840671477
,25000,13553,1.844610049,,25000,13555,1.844337883
,25000,13564,1.843114126,,25000,13581,1.84080701
,25000,13548,1.845290818,,25000,13554,1.844473956
,25000,13538,1.846653863,,25000,13557,1.844065796
,25000,13565,1.842978253,,25000,13558,1.843929783
,25000,13563,1.843250018,,25000,13581,1.84080701
,25000,13539,1.846517468,,25000,13574,1.841756299
,25000,13554,1.844473956,,25000,13593,1.839181932
,25000,13550,1.84501845,,25000,13549,1.845154624
,25000,13585,1.840264998,,25000,13574,1.841756299
,30000,16226,1.848884506,,30000,16250,1.846153846
,30000,16249,1.846267463,,30000,16223,1.849226407
,30000,16234,1.847973389,,30000,16241,1.847176898
,30000,16251,1.846040244,,30000,16236,1.84774575
,30000,16251,1.846040244,,30000,16277,1.843091479
,30000,16225,1.848998459,,30000,16251,1.846040244
,30000,16263,1.844678104,,30000,16234,1.847973389
,30000,16257,1.845358922,,30000,16245,1.846722068
,30000,16233,1.84808723,,30000,16236,1.84774575
,30000,16269,1.843997787,,30000,16211,1.850595275
,30000,16217,1.849910588,,30000,16272,1.843657817
,30000,16235,1.847859563,,30000,16226,1.848884506
,30000,16202,1.851623256,,30000,16239,1.847404397
,30000,16239,1.847404397,,30000,16231,1.848314953
,30000,16241,1.847176898,,30000,16279,1.842865041
,30000,16221,1.849454411,,30000,16245,1.846722068
,30000,16194,1.852537977,,30000,16202,1.851623256
,30000,16256,1.845472441,,30000,16250,1.846153846
,30000,16207,1.851052015,,30000,16241,1.847176898
,30000,16247,1.846494737,,30000,16220,1.849568434
,30000,16212,1.850481125,,30000,16211,1.850595275
,30000,16242,1.84706317,,30000,16228,1.848656643
,30000,16197,1.852194851,,30000,16201,1.851737547
,30000,16240,1.84729064,,30000,16240,1.84729064
,30000,16194,1.852537977,,30000,16215,1.85013876
,30000,16227,1.848770568,,30000,16262,1.844791539
,30000,16244,1.846835755,,30000,16265,1.844451276
,30000,16230,1.848428835,,30000,16247,1.846494737
,30000,16240,1.84729064,,30000,16240,1.84729064
,30000,16218,1.849796522,,30000,16239,1.847404397
,30000,16214,1.850252868,,30000,16231,1.848314953
,30000,16221,1.849454411,,30000,16219,1.849682471
,30000,16243,1.846949455,,30000,16233,1.84808723
,30000,16222,1.849340402,,30000,16244,1.846835755
,30000,16231,1.848314953,,30000,16230,1.848428835
,30000,16243,1.846949455,,30000,16246,1.846608396
,30000,16267,1.844224504,,30000,16260,1.84501845
,30000,16195,1.852423588,,30000,16190,1.852995676
,30000,16259,1.845131927,,30000,16260,1.84501845
,30000,16208,1.850937808,,30000,16180,1.854140915
,30000,16204,1.851394717,,30000,16244,1.846835755
,30000,16227,1.848770568,,30000,16210,1.850709439
,30000,16247,1.846494737,,30000,16199,1.851966171
,30000,16246,1.846608396,,30000,16279,1.842865041
,30000,16259,1.845131927,,30000,16270,1.84388445
,30000,16234,1.847973389,,30000,16233,1.84808723
,30000,16248,1.846381093,,30000,16253,1.845813081
,30000,16238,1.847518167,,30000,16216,1.850024667
,30000,16213,1.850366989,,30000,16263,1.844678104
,30000,16256,1.845472441,,30000,16205,1.851280469
,30000,16252,1.845926655,,30000,16240,1.84729064
,30000,16254,1.84569952,,30000,16244,1.846835755
,30000,16256,1.845472441,,30000,16256,1.845472441
,30000,16229,1.848542732,,30000,16237,1.847631952
,30000,16235,1.847859563,,30000,16235,1.847859563
,30000,16238,1.847518167,,30000,16235,1.847859563
,30000,16228,1.848656643,,30000,16226,1.848884506
,30000,16205,1.851280469,,30000,16212,1.850481125
,30000,16233,1.84808723,,30000,16232,1.848201084
,30000,16200,1.851851852,,30000,16227,1.848770568
,30000,16206,1.851166235,,30000,16237,1.847631952
,30000,16245,1.846722068,,30000,16226,1.848884506
,30000,16256,1.845472441,,30000,16240,1.84729064
,30000,16199,1.851966171,,30000,16290,1.841620626
,30000,16262,1.844791539,,30000,16276,1.843204719
,30000,16223,1.849226407,,30000,16240,1.84729064
,30000,16230,1.848428835,,30000,16245,1.846722068
,30000,16163,1.856091072,,30000,16216,1.850024667
,30000,16184,1.85368265,,30000,16260,1.84501845
,30000,16261,1.844904987,,30000,16227,1.848770568
,30000,16265,1.844451276,,30000,16214,1.850252868
,30000,16235,1.847859563,,30000,16203,1.85150898
,30000,16225,1.848998459,,30000,16217,1.849910588
,30000,16208,1.850937808,,30000,16256,1.845472441
,30000,16194,1.852537977,,30000,16240,1.84729064
,30000,16230,1.848428835,,30000,16214,1.850252868
,30000,16237,1.847631952,,30000,16225,1.848998459
,30000,16242,1.84706317,,30000,16234,1.847973389
,30000,16249,1.846267463,,30000,16250,1.846153846
,30000,16244,1.846835755,,30000,16253,1.845813081
,30000,16221,1.849454411,,30000,16228,1.848656643
,30000,16257,1.845358922,,30000,16232,1.848201084
,30000,16239,1.847404397,,30000,16204,1.851394717
,30000,16236,1.84774575,,30000,16234,1.847973389
,30000,16188,1.853224611,,30000,16227,1.848770568
,30000,16251,1.846040244,,30000,16219,1.849682471
,30000,16262,1.844791539,,30000,16234,1.847973389
,30000,16206,1.851166235,,30000,16273,1.843544522
,30000,16232,1.848201084,,30000,16246,1.846608396
,30000,16233,1.84808723,,30000,16237,1.847631952
,30000,16224,1.849112426,,30000,16237,1.847631952
,30000,16205,1.851280469,,30000,16241,1.847176898
,30000,16250,1.846153846,,30000,16248,1.846381093
,30000,16218,1.849796522,,30000,16225,1.848998459
,30000,16215,1.85013876,,30000,16237,1.847631952
,30000,16207,1.851052015,,30000,16211,1.850595275
,30000,16243,1.846949455,,30000,16238,1.847518167
,30000,16202,1.851623256,,30000,16266,1.844337883
,30000,16197,1.852194851,,30000,16190,1.852995676
,30000,16203,1.85150898,,30000,16246,1.846608396
,35000,18782,1.863486317,,35000,18853,1.856468467
,35000,18829,1.858834776,,35000,18836,1.85814398
,35000,18816,1.860119048,,35000,18857,1.856074667
,35000,18864,1.85538592,,35000,18889,1.852930277
,35000,18839,1.857848081,,35000,18865,1.85528757
,35000,18854,1.856370001,,35000,18861,1.855681035
,35000,18873,1.854501139,,35000,18866,1.855189229
,35000,18867,1.855090899,,35000,18859,1.85587783
,35000,18827,1.859032241,,35000,18863,1.855484281
,35000,18850,1.856763926,,35000,18886,1.853224611
,35000,18791,1.862593795,,35000,18811,1.860613471
,35000,18851,1.856665429,,35000,18841,1.857650868
,35000,18852,1.856566942,,35000,18911,1.850774681
,35000,18866,1.855189229,,35000,18853,1.856468467
,35000,18872,1.854599407,,35000,18836,1.85814398
,35000,18875,1.854304636,,35000,18863,1.855484281
,35000,18847,1.857059479,,35000,18879,1.853911754
,35000,18836,1.85814398,,35000,18852,1.856566942
,35000,18834,1.858341298,,35000,18872,1.854599407
,35000,18881,1.853715375,,35000,18897,1.852145843
,35000,18820,1.859723698,,35000,18821,1.859624887
,35000,18821,1.859624887,,35000,18846,1.857158018
,35000,18880,1.853813559,,35000,18806,1.861108157
,35000,18824,1.859328517,,35000,18884,1.853420885
,35000,18859,1.85587783,,35000,18876,1.8542064
,35000,18809,1.860811314,,35000,18853,1.856468467
,35000,18855,1.856271546,,35000,18848,1.856960951
,35000,18869,1.854894271,,35000,18860,1.855779427
,35000,18861,1.855681035,,35000,18857,1.856074667
,35000,18842,1.857552277,,35000,18840,1.857749469
,35000,18849,1.856862433,,35000,18836,1.85814398
,35000,18861,1.855681035,,35000,18909,1.850970437
,35000,18853,1.856468467,,35000,18822,1.859526086
,35000,18842,1.857552277,,35000,18836,1.85814398
,35000,18821,1.859624887,,35000,18862,1.855582653
,35000,18857,1.856074667,,35000,18818,1.859921352
,35000,18862,1.855582653,,35000,18804,1.861306105
,35000,18857,1.856074667,,35000,18840,1.857749469
,35000,18884,1.853420885,,35000,18840,1.857749469
,35000,18856,1.856173101,,35000,18884,1.853420885
,35000,18846,1.857158018,,35000,18882,1.853617202
,35000,18848,1.856960951,,35000,18884,1.853420885
,35000,18873,1.854501139,,35000,18865,1.85528757
,35000,18847,1.857059479,,35000,18849,1.856862433
,35000,18850,1.856763926,,35000,18897,1.852145843
,35000,18878,1.854009959,,35000,18843,1.857453696
,35000,18855,1.856271546,,35000,18818,1.859921352
,35000,18813,1.86041567,,35000,18836,1.85814398
,35000,18851,1.856665429,,35000,18826,1.859130989
,35000,18846,1.857158018,,35000,18826,1.859130989
,35000,18860,1.855779427,,35000,18856,1.856173101
,35000,18858,1.855976244,,35000,18821,1.859624887
,35000,18852,1.856566942,,35000,18847,1.857059479
,35000,18853,1.856468467,,35000,18871,1.854697684
,35000,18796,1.862098319,,35000,18805,1.861207126
,35000,18857,1.856074667,,35000,18868,1.85499258
,35000,18853,1.856468467,,35000,18847,1.857059479
,35000,18842,1.857552277,,35000,18833,1.858439972
,35000,18791,1.862593795,,35000,18896,1.852243861
,35000,18868,1.85499258,,35000,18846,1.857158018
,35000,18843,1.857453696,,35000,18847,1.857059479
,35000,18832,1.858538658,,35000,18864,1.85538592
,35000,18865,1.85528757,,35000,18868,1.85499258
,35000,18850,1.856763926,,35000,18818,1.859921352
,35000,18851,1.856665429,,35000,18862,1.855582653
,35000,18861,1.855681035,,35000,18847,1.857059479
,35000,18842,1.857552277,,35000,18874,1.854402882
,35000,18865,1.85528757,,35000,18825,1.859229748
,35000,18868,1.85499258,,35000,18885,1.853322743
,35000,18888,1.853028378,,35000,18846,1.857158018
,35000,18818,1.859921352,,35000,18850,1.856763926
,35000,18866,1.855189229,,35000,18851,1.856665429
,35000,18842,1.857552277,,35000,18856,1.856173101
,35000,18867,1.855090899,,35000,18836,1.85814398
,35000,18867,1.855090899,,35000,18855,1.856271546
,35000,18847,1.857059479,,35000,18850,1.856763926
,35000,18865,1.85528757,,35000,18845,1.857256567
,35000,18834,1.858341298,,35000,18861,1.855681035
,35000,18874,1.854402882,,35000,18862,1.855582653
,35000,18802,1.861504095,,35000,18821,1.859624887
,35000,18840,1.857749469,,35000,18867,1.855090899
,35000,18826,1.859130989,,35000,18828,1.858933503
,35000,18844,1.857355126,,35000,18818,1.859921352
,35000,18844,1.857355126,,35000,18842,1.857552277
,35000,18824,1.859328517,,35000,18831,1.858637353
,35000,18848,1.856960951,,35000,18834,1.858341298
,35000,18872,1.854599407,,35000,18893,1.852537977
,35000,18885,1.853322743,,35000,18837,1.858045336
,35000,18848,1.856960951,,35000,18843,1.857453696
,35000,18872,1.854599407,,35000,18856,1.856173101
,35000,18821,1.859624887,,35000,18826,1.859130989
,35000,18870,1.854795972,,35000,18879,1.853911754
,35000,18852,1.856566942,,35000,18854,1.856370001
,35000,18851,1.856665429,,35000,18860,1.855779427
,35000,18838,1.857946703,,35000,18852,1.856566942
,35000,18847,1.857059479,,35000,18842,1.857552277
,35000,18853,1.856468467,,35000,18856,1.856173101
,35000,18804,1.861306105,,35000,18829,1.858834776
,35000,18882,1.853617202,,35000,18870,1.854795972
,35000,18797,1.861999255,,35000,18826,1.859130989
,40000,21420,1.867413632,,40000,21442,1.865497621
,40000,21440,1.865671642,,40000,21433,1.866280969
,40000,21438,1.865845695,,40000,21437,1.865932733
,40000,21429,1.866629334,,40000,21437,1.865932733
,40000,21462,1.863759202,,40000,21445,1.865236652
,40000,21432,1.866368048,,40000,21447,1.865062713
,40000,21417,1.867675211,,40000,21482,1.86202402
,40000,21456,1.864280388,,40000,21463,1.863672366
,40000,21421,1.867326455,,40000,21410,1.868285848
,40000,21422,1.867239287,,40000,21417,1.867675211
,40000,21468,1.863238308,,40000,21455,1.86436728
,40000,21445,1.865236652,,40000,21463,1.863672366
,40000,21440,1.865671642,,40000,21444,1.865323634
,40000,21411,1.86819859,,40000,21445,1.865236652
,40000,21448,1.864975755,,40000,21392,1.869857891
,40000,21460,1.863932898,,40000,21436,1.86601978
,40000,21436,1.86601978,,40000,21458,1.864106627
,40000,21434,1.866193898,,40000,21477,1.862457513
,40000,21436,1.86601978,,40000,21465,1.863498719
,40000,21391,1.869945304,,40000,21459,1.864019759
,40000,21495,1.860897883,,40000,21432,1.866368048
,40000,21438,1.865845695,,40000,21459,1.864019759
,40000,21404,1.868809568,,40000,21398,1.869333583
,40000,21426,1.866890694,,40000,21428,1.866716446
,40000,21402,1.868984207,,40000,21417,1.867675211
,40000,21436,1.86601978,,40000,21396,1.869508319
,40000,21462,1.863759202,,40000,21447,1.865062713
,40000,21457,1.864193503,,40000,21457,1.864193503
,40000,21441,1.865584628,,40000,21451,1.864714932
,40000,21406,1.868634962,,40000,21430,1.866542231
,40000,21443,1.865410624,,40000,21471,1.86297797
,40000,21480,1.862197393,,40000,21444,1.865323634
,40000,21440,1.865671642,,40000,21435,1.866106835
,40000,21404,1.868809568,,40000,21496,1.860811314
,40000,21436,1.86601978,,40000,21421,1.867326455
,40000,21432,1.866368048,,40000,21458,1.864106627
,40000,21484,1.86185068,,40000,21441,1.865584628
,40000,21409,1.868373114,,40000,21425,1.86697783
,40000,21406,1.868634962,,40000,21443,1.865410624
,40000,21409,1.868373114,,40000,21481,1.862110702
,40000,21447,1.865062713,,40000,21409,1.868373114
,40000,21415,1.867849638,,40000,21446,1.865149678
,40000,21405,1.868722261,,40000,21451,1.864714932
,40000,21445,1.865236652,,40000,21431,1.866455135
,40000,21418,1.86758801,,40000,21445,1.865236652
,40000,21386,1.870382493,,40000,21471,1.86297797
,40000,21466,1.863411907,,40000,21423,1.867152126
,40000,21432,1.866368048,,40000,21428,1.866716446
,40000,21443,1.865410624,,40000,21465,1.863498719
,40000,21439,1.865758664,,40000,21457,1.864193503
,40000,21461,1.863846046,,40000,21441,1.865584628
,40000,21433,1.866280969,,40000,21439,1.865758664
,40000,21456,1.864280388,,40000,21433,1.866280969
,40000,21447,1.865062713,,40000,21497,1.860724752
,40000,21450,1.864801865,,40000,21415,1.867849638
,40000,21427,1.866803566,,40000,21440,1.865671642
,40000,21482,1.86202402,,40000,21424,1.867064974
,40000,21403,1.868896884,,40000,21433,1.866280969
,40000,21438,1.865845695,,40000,21429,1.866629334
,40000,21438,1.865845695,,40000,21411,1.86819859
,40000,21392,1.869857891,,40000,21471,1.86297797
,40000,21480,1.862197393,,40000,21441,1.865584628
,40000,21414,1.867936864,,40000,21396,1.869508319
,40000,21443,1.865410624,,40000,21413,1.868024098
,40000,21403,1.868896884,,40000,21431,1.866455135
,40000,21420,1.867413632,,40000,21425,1.86697783
,40000,21468,1.863238308,,40000,21433,1.866280969
,40000,21454,1.864454181,,40000,21458,1.864106627
,40000,21435,1.866106835,,40000,21462,1.863759202
,40000,21445,1.865236652,,40000,21443,1.865410624
,40000,21428,1.866716446,,40000,21461,1.863846046
,40000,21434,1.866193898,,40000,21431,1.866455135
,40000,21446,1.865149678,,40000,21425,1.86697783
,40000,21450,1.864801865,,40000,21449,1.864888806
,40000,21435,1.866106835,,40000,21455,1.86436728
,40000,21400,1.869158879,,40000,21446,1.865149678
,40000,21453,1.86454109,,40000,21488,1.861504095
,40000,21482,1.86202402,,40000,21422,1.867239287
,40000,21408,1.868460389,,40000,21446,1.865149678
,40000,21449,1.864888806,,40000,21437,1.865932733
,40000,21418,1.86758801,,40000,21439,1.865758664
,40000,21433,1.866280969,,40000,21452,1.864628007
,40000,21441,1.865584628,,40000,21416,1.867762421
,40000,21429,1.866629334,,40000,21480,1.862197393
,40000,21435,1.866106835,,40000,21421,1.867326455
,40000,21425,1.86697783,,40000,21419,1.867500817
,40000,21446,1.865149678,,40000,21443,1.865410624
,40000,21463,1.863672366,,40000,21469,1.863151521
,40000,21442,1.865497621,,40000,21454,1.864454181
,40000,21477,1.862457513,,40000,21477,1.862457513
,40000,21465,1.863498719,,40000,21416,1.867762421
,40000,21448,1.864975755,,40000,21465,1.863498719
,40000,21424,1.867064974,,40000,21466,1.863411907
,40000,21428,1.866716446,,40000,21472,1.862891207
,40000,21470,1.863064741,,40000,21435,1.866106835
,40000,21451,1.864714932,,40000,21424,1.867064974
,40000,21428,1.866716446,,40000,21416,1.867762421
,40000,21454,1.864454181,,40000,21403,1.868896884
,40000,21420,1.867413632,,40000,21435,1.866106835
,40000,21422,1.867239287,,40000,21477,1.862457513
