File Name,File Size,Zipped File Size (Non-BWT Text),Compression Ratio (Non-BWT Text),File Name,File Size,Zipped File Size (BWT Text),Compression Ratio (BWT Text)
Output0.zip,1000,354,2.824858757,OutputBWT0.zip,1000,363,2.754820937
Output1.zip,1000,355,2.816901408,OutputBWT1.zip,1000,362,2.762430939
Output10.zip,1000,359,2.78551532,OutputBWT10.zip,1000,371,2.69541779
Output11.zip,1000,360,2.777777778,OutputBWT11.zip,1000,366,2.732240437
Output12.zip,1000,361,2.770083102,OutputBWT12.zip,1000,366,2.732240437
Output13.zip,1000,353,2.83286119,OutputBWT13.zip,1000,361,2.770083102
Output14.zip,1000,361,2.770083102,OutputBWT14.zip,1000,362,2.762430939
Output15.zip,1000,362,2.762430939,OutputBWT15.zip,1000,368,2.717391304
Output16.zip,1000,359,2.78551532,OutputBWT16.zip,1000,362,2.762430939
Output17.zip,1000,356,2.808988764,OutputBWT17.zip,1000,369,2.7100271
Output18.zip,1000,355,2.816901408,OutputBWT18.zip,1000,368,2.717391304
Output19.zip,1000,361,2.770083102,OutputBWT19.zip,1000,363,2.754820937
Output2.zip,1000,358,2.793296089,OutputBWT2.zip,1000,358,2.793296089
Output20.zip,1000,361,2.770083102,OutputBWT20.zip,1000,366,2.732240437
Output21.zip,1000,362,2.762430939,OutputBWT21.zip,1000,362,2.762430939
Output22.zip,1000,359,2.78551532,OutputBWT22.zip,1000,357,2.801120448
Output23.zip,1000,361,2.770083102,OutputBWT23.zip,1000,363,2.754820937
Output24.zip,1000,358,2.793296089,OutputBWT24.zip,1000,367,2.72479564
Output25.zip,1000,358,2.793296089,OutputBWT25.zip,1000,366,2.732240437
Output26.zip,1000,356,2.808988764,OutputBWT26.zip,1000,360,2.777777778
Output27.zip,1000,361,2.770083102,OutputBWT27.zip,1000,363,2.754820937
Output28.zip,1000,359,2.78551532,OutputBWT28.zip,1000,362,2.762430939
Output29.zip,1000,363,2.754820937,OutputBWT29.zip,1000,361,2.770083102
Output3.zip,1000,358,2.793296089,OutputBWT3.zip,1000,360,2.777777778
Output30.zip,1000,359,2.78551532,OutputBWT30.zip,1000,370,2.702702703
Output31.zip,1000,359,2.78551532,OutputBWT31.zip,1000,370,2.702702703
Output32.zip,1000,355,2.816901408,OutputBWT32.zip,1000,365,2.739726027
Output33.zip,1000,352,2.840909091,OutputBWT33.zip,1000,369,2.7100271
Output34.zip,1000,362,2.762430939,OutputBWT34.zip,1000,364,2.747252747
Output35.zip,1000,358,2.793296089,OutputBWT35.zip,1000,365,2.739726027
Output36.zip,1000,360,2.777777778,OutputBWT36.zip,1000,366,2.732240437
Output37.zip,1000,360,2.777777778,OutputBWT37.zip,1000,361,2.770083102
Output38.zip,1000,359,2.78551532,OutputBWT38.zip,1000,362,2.762430939
Output39.zip,1000,359,2.78551532,OutputBWT39.zip,1000,368,2.717391304
Output4.zip,1000,346,2.89017341,OutputBWT4.zip,1000,360,2.777777778
Output40.zip,1000,352,2.840909091,OutputBWT40.zip,1000,364,2.747252747
Output41.zip,1000,355,2.816901408,OutputBWT41.zip,1000,361,2.770083102
Output42.zip,1000,358,2.793296089,OutputBWT42.zip,1000,361,2.770083102
Output43.zip,1000,360,2.777777778,OutputBWT43.zip,1000,365,2.739726027
Output44.zip,1000,361,2.770083102,OutputBWT44.zip,1000,364,2.747252747
Output45.zip,1000,358,2.793296089,OutputBWT45.zip,1000,365,2.739726027
Output46.zip,1000,357,2.801120448,OutputBWT46.zip,1000,364,2.747252747
Output47.zip,1000,356,2.808988764,OutputBWT47.zip,1000,365,2.739726027
Output48.zip,1000,358,2.793296089,OutputBWT48.zip,1000,364,2.747252747
Output49.zip,1000,357,2.801120448,OutputBWT49.zip,1000,370,2.702702703
Output5.zip,1000,359,2.78551532,OutputBWT5.zip,1000,360,2.777777778
Output50.zip,1000,356,2.808988764,OutputBWT50.zip,1000,364,2.747252747
Output51.zip,1000,355,2.816901408,OutputBWT51.zip,1000,364,2.747252747
Output52.zip,1000,356,2.808988764,OutputBWT52.zip,1000,361,2.770083102
Output53.zip,1000,357,2.801120448,OutputBWT53.zip,1000,368,2.717391304
Output54.zip,1000,360,2.777777778,OutputBWT54.zip,1000,358,2.793296089
Output55.zip,1000,359,2.78551532,OutputBWT55.zip,1000,370,2.702702703
Output56.zip,1000,359,2.78551532,OutputBWT56.zip,1000,365,2.739726027
Output57.zip,1000,360,2.777777778,OutputBWT57.zip,1000,365,2.739726027
Output58.zip,1000,364,2.747252747,OutputBWT58.zip,1000,368,2.717391304
Output59.zip,1000,363,2.754820937,OutputBWT59.zip,1000,366,2.732240437
Output6.zip,1000,358,2.793296089,OutputBWT6.zip,1000,362,2.762430939
Output60.zip,1000,353,2.83286119,OutputBWT60.zip,1000,364,2.747252747
Output61.zip,1000,359,2.78551532,OutputBWT61.zip,1000,365,2.739726027
Output62.zip,1000,356,2.808988764,OutputBWT62.zip,1000,372,2.688172043
Output63.zip,1000,356,2.808988764,OutputBWT63.zip,1000,369,2.7100271
Output64.zip,1000,364,2.747252747,OutputBWT64.zip,1000,362,2.762430939
Output65.zip,1000,362,2.762430939,OutputBWT65.zip,1000,367,2.72479564
Output66.zip,1000,357,2.801120448,OutputBWT66.zip,1000,364,2.747252747
Output67.zip,1000,359,2.78551532,OutputBWT67.zip,1000,364,2.747252747
Output68.zip,1000,354,2.824858757,OutputBWT68.zip,1000,361,2.770083102
Output69.zip,1000,360,2.777777778,OutputBWT69.zip,1000,366,2.732240437
Output7.zip,1000,356,2.808988764,OutputBWT7.zip,1000,363,2.754820937
Output70.zip,1000,358,2.793296089,OutputBWT70.zip,1000,363,2.754820937
Output71.zip,1000,360,2.777777778,OutputBWT71.zip,1000,364,2.747252747
Output72.zip,1000,356,2.808988764,OutputBWT72.zip,1000,366,2.732240437
Output73.zip,1000,362,2.762430939,OutputBWT73.zip,1000,365,2.739726027
Output74.zip,1000,357,2.801120448,OutputBWT74.zip,1000,365,2.739726027
Output75.zip,1000,356,2.808988764,OutputBWT75.zip,1000,369,2.7100271
Output76.zip,1000,352,2.840909091,OutputBWT76.zip,1000,364,2.747252747
Output77.zip,1000,359,2.78551532,OutputBWT77.zip,1000,358,2.793296089
Output78.zip,1000,356,2.808988764,OutputBWT78.zip,1000,365,2.739726027
Output79.zip,1000,358,2.793296089,OutputBWT79.zip,1000,358,2.793296089
Output8.zip,1000,360,2.777777778,OutputBWT8.zip,1000,362,2.762430939
Output80.zip,1000,356,2.808988764,OutputBWT80.zip,1000,360,2.777777778
Output81.zip,1000,357,2.801120448,OutputBWT81.zip,1000,361,2.770083102
Output82.zip,1000,357,2.801120448,OutputBWT82.zip,1000,369,2.7100271
Output83.zip,1000,354,2.824858757,OutputBWT83.zip,1000,363,2.754820937
Output84.zip,1000,356,2.808988764,OutputBWT84.zip,1000,362,2.762430939
Output85.zip,1000,355,2.816901408,OutputBWT85.zip,1000,367,2.72479564
Output86.zip,1000,356,2.808988764,OutputBWT86.zip,1000,365,2.739726027
Output87.zip,1000,357,2.801120448,OutputBWT87.zip,1000,365,2.739726027
Output88.zip,1000,355,2.816901408,OutputBWT88.zip,1000,364,2.747252747
Output89.zip,1000,359,2.78551532,OutputBWT89.zip,1000,368,2.717391304
Output9.zip,1000,357,2.801120448,OutputBWT9.zip,1000,360,2.777777778
Output90.zip,1000,354,2.824858757,OutputBWT90.zip,1000,368,2.717391304
Output91.zip,1000,358,2.793296089,OutputBWT91.zip,1000,366,2.732240437
Output92.zip,1000,360,2.777777778,OutputBWT92.zip,1000,362,2.762430939
Output93.zip,1000,361,2.770083102,OutputBWT93.zip,1000,362,2.762430939
Output94.zip,1000,355,2.816901408,OutputBWT94.zip,1000,362,2.762430939
Output95.zip,1000,354,2.824858757,OutputBWT95.zip,1000,362,2.762430939
Output96.zip,1000,357,2.801120448,OutputBWT96.zip,1000,368,2.717391304
Output97.zip,1000,359,2.78551532,OutputBWT97.zip,1000,364,2.747252747
Output98.zip,1000,361,2.770083102,OutputBWT98.zip,1000,362,2.762430939
Output99.zip,1000,360,2.777777778,OutputBWT99.zip,1000,365,2.739726027
,2000,531,3.766478343,,2000,536,3.731343284
,2000,528,3.787878788,,2000,528,3.787878788
,2000,534,3.745318352,,2000,538,3.717472119
,2000,528,3.787878788,,2000,537,3.724394786
,2000,528,3.787878788,,2000,531,3.766478343
,2000,528,3.787878788,,2000,528,3.787878788
,2000,531,3.766478343,,2000,535,3.738317757
,2000,528,3.787878788,,2000,538,3.717472119
,2000,532,3.759398496,,2000,531,3.766478343
,2000,534,3.745318352,,2000,519,3.853564547
,2000,523,3.824091778,,2000,536,3.731343284
,2000,530,3.773584906,,2000,534,3.745318352
,2000,529,3.780718336,,2000,539,3.710575139
,2000,531,3.766478343,,2000,527,3.795066414
,2000,531,3.766478343,,2000,535,3.738317757
,2000,529,3.780718336,,2000,530,3.773584906
,2000,537,3.724394786,,2000,530,3.773584906
,2000,529,3.780718336,,2000,538,3.717472119
,2000,528,3.787878788,,2000,535,3.738317757
,2000,524,3.816793893,,2000,540,3.703703704
,2000,527,3.795066414,,2000,533,3.752345216
,2000,527,3.795066414,,2000,539,3.710575139
,2000,526,3.802281369,,2000,525,3.80952381
,2000,525,3.80952381,,2000,539,3.710575139
,2000,529,3.780718336,,2000,530,3.773584906
,2000,526,3.802281369,,2000,544,3.676470588
,2000,523,3.824091778,,2000,535,3.738317757
,2000,530,3.773584906,,2000,526,3.802281369
,2000,529,3.780718336,,2000,533,3.752345216
,2000,531,3.766478343,,2000,532,3.759398496
,2000,525,3.80952381,,2000,529,3.780718336
,2000,531,3.766478343,,2000,535,3.738317757
,2000,531,3.766478343,,2000,533,3.752345216
,2000,534,3.745318352,,2000,541,3.696857671
,2000,530,3.773584906,,2000,536,3.731343284
,2000,526,3.802281369,,2000,535,3.738317757
,2000,531,3.766478343,,2000,539,3.710575139
,2000,528,3.787878788,,2000,534,3.745318352
,2000,536,3.731343284,,2000,534,3.745318352
,2000,529,3.780718336,,2000,539,3.710575139
,2000,529,3.780718336,,2000,539,3.710575139
,2000,529,3.780718336,,2000,540,3.703703704
,2000,527,3.795066414,,2000,539,3.710575139
,2000,530,3.773584906,,2000,533,3.752345216
,2000,525,3.80952381,,2000,538,3.717472119
,2000,519,3.853564547,,2000,533,3.752345216
,2000,526,3.802281369,,2000,537,3.724394786
,2000,527,3.795066414,,2000,533,3.752345216
,2000,535,3.738317757,,2000,531,3.766478343
,2000,532,3.759398496,,2000,532,3.759398496
,2000,522,3.831417625,,2000,538,3.717472119
,2000,530,3.773584906,,2000,535,3.738317757
,2000,528,3.787878788,,2000,532,3.759398496
,2000,533,3.752345216,,2000,533,3.752345216
,2000,531,3.766478343,,2000,539,3.710575139
,2000,532,3.759398496,,2000,531,3.766478343
,2000,527,3.795066414,,2000,539,3.710575139
,2000,530,3.773584906,,2000,539,3.710575139
,2000,528,3.787878788,,2000,532,3.759398496
,2000,526,3.802281369,,2000,537,3.724394786
,2000,535,3.738317757,,2000,526,3.802281369
,2000,531,3.766478343,,2000,535,3.738317757
,2000,530,3.773584906,,2000,535,3.738317757
,2000,531,3.766478343,,2000,530,3.773584906
,2000,529,3.780718336,,2000,531,3.766478343
,2000,524,3.816793893,,2000,533,3.752345216
,2000,525,3.80952381,,2000,531,3.766478343
,2000,529,3.780718336,,2000,537,3.724394786
,2000,530,3.773584906,,2000,531,3.766478343
,2000,524,3.816793893,,2000,534,3.745318352
,2000,527,3.795066414,,2000,531,3.766478343
,2000,530,3.773584906,,2000,537,3.724394786
,2000,529,3.780718336,,2000,541,3.696857671
,2000,531,3.766478343,,2000,531,3.766478343
,2000,524,3.816793893,,2000,532,3.759398496
,2000,524,3.816793893,,2000,532,3.759398496
,2000,533,3.752345216,,2000,534,3.745318352
,2000,534,3.745318352,,2000,533,3.752345216
,2000,522,3.831417625,,2000,534,3.745318352
,2000,532,3.759398496,,2000,545,3.669724771
,2000,536,3.731343284,,2000,534,3.745318352
,2000,521,3.838771593,,2000,534,3.745318352
,2000,521,3.838771593,,2000,533,3.752345216
,2000,529,3.780718336,,2000,535,3.738317757
,2000,531,3.766478343,,2000,535,3.738317757
,2000,532,3.759398496,,2000,535,3.738317757
,2000,530,3.773584906,,2000,533,3.752345216
,2000,534,3.745318352,,2000,532,3.759398496
,2000,529,3.780718336,,2000,541,3.696857671
,2000,530,3.773584906,,2000,538,3.717472119
,2000,535,3.738317757,,2000,535,3.738317757
,2000,535,3.738317757,,2000,529,3.780718336
,2000,528,3.787878788,,2000,531,3.766478343
,2000,525,3.80952381,,2000,537,3.724394786
,2000,528,3.787878788,,2000,528,3.787878788
,2000,534,3.745318352,,2000,534,3.745318352
,2000,533,3.752345216,,2000,542,3.6900369
,2000,535,3.738317757,,2000,534,3.745318352
,2000,537,3.724394786,,2000,535,3.738317757
,2000,530,3.773584906,,2000,537,3.724394786
,5000,1034,4.835589942,,5000,1025,4.87804878
,5000,1023,4.887585533,,5000,1032,4.84496124
,5000,1028,4.86381323,,5000,1041,4.803073967
,5000,1022,4.892367906,,5000,1027,4.868549172
,5000,1027,4.868549172,,5000,1027,4.868549172
,5000,1034,4.835589942,,5000,1043,4.793863854
,5000,1022,4.892367906,,5000,1041,4.803073967
,5000,1025,4.87804878,,5000,1032,4.84496124
,5000,1019,4.906771344,,5000,1031,4.849660524
,5000,1028,4.86381323,,5000,1036,4.826254826
,5000,1035,4.830917874,,5000,1024,4.8828125
,5000,1021,4.897159647,,5000,1036,4.826254826
,5000,1020,4.901960784,,5000,1027,4.868549172
,5000,1027,4.868549172,,5000,1033,4.840271055
,5000,1023,4.887585533,,5000,1052,4.752851711
,5000,1025,4.87804878,,5000,1037,4.821600771
,5000,1028,4.86381323,,5000,1015,4.926108374
,5000,1019,4.906771344,,5000,1032,4.84496124
,5000,1017,4.916420846,,5000,1033,4.840271055
,5000,1019,4.906771344,,5000,1038,4.816955684
,5000,1020,4.901960784,,5000,1033,4.840271055
,5000,1029,4.859086492,,5000,1045,4.784688995
,5000,1032,4.84496124,,5000,1029,4.859086492
,5000,1022,4.892367906,,5000,1038,4.816955684
,5000,1022,4.892367906,,5000,1038,4.816955684
,5000,1026,4.873294347,,5000,1027,4.868549172
,5000,1026,4.873294347,,5000,1032,4.84496124
,5000,1023,4.887585533,,5000,1029,4.859086492
,5000,1033,4.840271055,,5000,1029,4.859086492
,5000,1022,4.892367906,,5000,1033,4.840271055
,5000,1024,4.8828125,,5000,1034,4.835589942
,5000,1026,4.873294347,,5000,1051,4.75737393
,5000,1025,4.87804878,,5000,1031,4.849660524
,5000,1029,4.859086492,,5000,1037,4.821600771
,5000,1029,4.859086492,,5000,1044,4.789272031
,5000,1027,4.868549172,,5000,1030,4.854368932
,5000,1031,4.849660524,,5000,1042,4.798464491
,5000,1026,4.873294347,,5000,1041,4.803073967
,5000,1017,4.916420846,,5000,1042,4.798464491
,5000,1025,4.87804878,,5000,1033,4.840271055
,5000,1017,4.916420846,,5000,1035,4.830917874
,5000,1019,4.906771344,,5000,1040,4.807692308
,5000,1028,4.86381323,,5000,1040,4.807692308
,5000,1030,4.854368932,,5000,1034,4.835589942
,5000,1018,4.911591356,,5000,1033,4.840271055
,5000,1030,4.854368932,,5000,1042,4.798464491
,5000,1030,4.854368932,,5000,1043,4.793863854
,5000,1033,4.840271055,,5000,1034,4.835589942
,5000,1030,4.854368932,,5000,1033,4.840271055
,5000,1035,4.830917874,,5000,1034,4.835589942
,5000,1021,4.897159647,,5000,1029,4.859086492
,5000,1022,4.892367906,,5000,1028,4.86381323
,5000,1034,4.835589942,,5000,1031,4.849660524
,5000,1014,4.930966469,,5000,1046,4.780114723
,5000,1032,4.84496124,,5000,1042,4.798464491
,5000,1018,4.911591356,,5000,1033,4.840271055
,5000,1025,4.87804878,,5000,1032,4.84496124
,5000,1029,4.859086492,,5000,1042,4.798464491
,5000,1021,4.897159647,,5000,1032,4.84496124
,5000,1033,4.840271055,,5000,1036,4.826254826
,5000,1021,4.897159647,,5000,1028,4.86381323
,5000,1030,4.854368932,,5000,1032,4.84496124
,5000,1022,4.892367906,,5000,1028,4.86381323
,5000,1025,4.87804878,,5000,1041,4.803073967
,5000,1036,4.826254826,,5000,1032,4.84496124
,5000,1035,4.830917874,,5000,1046,4.780114723
,5000,1037,4.821600771,,5000,1035,4.830917874
,5000,1034,4.835589942,,5000,1032,4.84496124
,5000,1027,4.868549172,,5000,1026,4.873294347
,5000,1022,4.892367906,,5000,1029,4.859086492
,5000,1026,4.873294347,,5000,1033,4.840271055
,5000,1029,4.859086492,,5000,1039,4.812319538
,5000,1025,4.87804878,,5000,1021,4.897159647
,5000,1023,4.887585533,,5000,1036,4.826254826
,5000,1030,4.854368932,,5000,1026,4.873294347
,5000,1031,4.849660524,,5000,1034,4.835589942
,5000,1026,4.873294347,,5000,1027,4.868549172
,5000,1023,4.887585533,,5000,1035,4.830917874
,5000,1023,4.887585533,,5000,1035,4.830917874
,5000,1030,4.854368932,,5000,1041,4.803073967
,5000,1030,4.854368932,,5000,1045,4.784688995
,5000,1022,4.892367906,,5000,1032,4.84496124
,5000,1036,4.826254826,,5000,1032,4.84496124
,5000,1040,4.807692308,,5000,1027,4.868549172
,5000,1019,4.906771344,,5000,1028,4.86381323
,5000,1034,4.835589942,,5000,1041,4.803073967
,5000,1030,4.854368932,,5000,1043,4.793863854
,5000,1032,4.84496124,,5000,1033,4.840271055
,5000,1016,4.921259843,,5000,1040,4.807692308
,5000,1031,4.849660524,,5000,1033,4.840271055
,5000,1033,4.840271055,,5000,1035,4.830917874
,5000,1025,4.87804878,,5000,1040,4.807692308
,5000,1029,4.859086492,,5000,1037,4.821600771
,5000,1039,4.812319538,,5000,1025,4.87804878
,5000,1029,4.859086492,,5000,1027,4.868549172
,5000,1033,4.840271055,,5000,1031,4.849660524
,5000,1029,4.859086492,,5000,1051,4.75737393
,5000,1030,4.854368932,,5000,1028,4.86381323
,5000,1026,4.873294347,,5000,1031,4.849660524
,5000,1029,4.859086492,,5000,1041,4.803073967
,10000,1858,5.382131324,,10000,1854,5.393743258
,10000,1851,5.402485143,,10000,1846,5.417118093
,10000,1851,5.402485143,,10000,1856,5.387931034
,10000,1863,5.367686527,,10000,1864,5.364806867
,10000,1857,5.385029618,,10000,1865,5.361930295
,10000,1862,5.37056928,,10000,1877,5.327650506
,10000,1850,5.405405405,,10000,1857,5.385029618
,10000,1850,5.405405405,,10000,1852,5.399568035
,10000,1854,5.393743258,,10000,1862,5.37056928
,10000,1837,5.443658138,,10000,1880,5.319148936
,10000,1862,5.37056928,,10000,1867,5.356186395
,10000,1862,5.37056928,,10000,1857,5.385029618
,10000,1836,5.446623094,,10000,1859,5.379236148
,10000,1859,5.379236148,,10000,1863,5.367686527
,10000,1867,5.356186395,,10000,1860,5.376344086
,10000,1850,5.405405405,,10000,1864,5.364806867
,10000,1853,5.396654074,,10000,1851,5.402485143
,10000,1864,5.364806867,,10000,1864,5.364806867
,10000,1844,5.422993492,,10000,1853,5.396654074
,10000,1862,5.37056928,,10000,1862,5.37056928
,10000,1856,5.387931034,,10000,1857,5.385029618
,10000,1839,5.437737901,,10000,1848,5.411255411
,10000,1855,5.39083558,,10000,1863,5.367686527
,10000,1854,5.393743258,,10000,1877,5.327650506
,10000,1850,5.405405405,,10000,1865,5.361930295
,10000,1851,5.402485143,,10000,1865,5.361930295
,10000,1849,5.408328826,,10000,1854,5.393743258
,10000,1859,5.379236148,,10000,1868,5.353319058
,10000,1853,5.396654074,,10000,1867,5.356186395
,10000,1853,5.396654074,,10000,1870,5.347593583
,10000,1852,5.399568035,,10000,1862,5.37056928
,10000,1848,5.411255411,,10000,1851,5.402485143
,10000,1854,5.393743258,,10000,1843,5.425935974
,10000,1846,5.417118093,,10000,1856,5.387931034
,10000,1853,5.396654074,,10000,1865,5.361930295
,10000,1860,5.376344086,,10000,1861,5.373455132
,10000,1846,5.417118093,,10000,1862,5.37056928
,10000,1841,5.431830527,,10000,1855,5.39083558
,10000,1851,5.402485143,,10000,1852,5.399568035
,10000,1868,5.353319058,,10000,1858,5.382131324
,10000,1844,5.422993492,,10000,1862,5.37056928
,10000,1842,5.42888165,,10000,1849,5.408328826
,10000,1851,5.402485143,,10000,1866,5.359056806
,10000,1871,5.344735436,,10000,1857,5.385029618
,10000,1856,5.387931034,,10000,1858,5.382131324
,10000,1849,5.408328826,,10000,1858,5.382131324
,10000,1853,5.396654074,,10000,1856,5.387931034
,10000,1869,5.350454789,,10000,1864,5.364806867
,10000,1848,5.411255411,,10000,1861,5.373455132
,10000,1861,5.373455132,,10000,1864,5.364806867
,10000,1859,5.379236148,,10000,1881,5.316321106
,10000,1848,5.411255411,,10000,1870,5.347593583
,10000,1855,5.39083558,,10000,1863,5.367686527
,10000,1867,5.356186395,,10000,1864,5.364806867
,10000,1860,5.376344086,,10000,1856,5.387931034
,10000,1865,5.361930295,,10000,1861,5.373455132
,10000,1853,5.396654074,,10000,1872,5.341880342
,10000,1857,5.385029618,,10000,1879,5.321979776
,10000,1868,5.353319058,,10000,1848,5.411255411
,10000,1853,5.396654074,,10000,1865,5.361930295
,10000,1854,5.393743258,,10000,1855,5.39083558
,10000,1863,5.367686527,,10000,1866,5.359056806
,10000,1859,5.379236148,,10000,1865,5.361930295
,10000,1855,5.39083558,,10000,1861,5.373455132
,10000,1864,5.364806867,,10000,1868,5.353319058
,10000,1868,5.353319058,,10000,1856,5.387931034
,10000,1844,5.422993492,,10000,1876,5.330490405
,10000,1858,5.382131324,,10000,1858,5.382131324
,10000,1872,5.341880342,,10000,1854,5.393743258
,10000,1851,5.402485143,,10000,1858,5.382131324
,10000,1871,5.344735436,,10000,1863,5.367686527
,10000,1853,5.396654074,,10000,1858,5.382131324
,10000,1874,5.336179296,,10000,1873,5.339028297
,10000,1854,5.393743258,,10000,1852,5.399568035
,10000,1867,5.356186395,,10000,1863,5.367686527
,10000,1845,5.420054201,,10000,1858,5.382131324
,10000,1857,5.385029618,,10000,1859,5.379236148
,10000,1841,5.431830527,,10000,1860,5.376344086
,10000,1846,5.417118093,,10000,1862,5.37056928
,10000,1844,5.422993492,,10000,1857,5.385029618
,10000,1864,5.364806867,,10000,1852,5.399568035
,10000,1867,5.356186395,,10000,1870,5.347593583
,10000,1851,5.402485143,,10000,1868,5.353319058
,10000,1843,5.425935974,,10000,1851,5.402485143
,10000,1858,5.382131324,,10000,1877,5.327650506
,10000,1856,5.387931034,,10000,1861,5.373455132
,10000,1861,5.373455132,,10000,1864,5.364806867
,10000,1848,5.411255411,,10000,1890,5.291005291
,10000,1858,5.382131324,,10000,1858,5.382131324
,10000,1844,5.422993492,,10000,1870,5.347593583
,10000,1867,5.356186395,,10000,1853,5.396654074
,10000,1862,5.37056928,,10000,1858,5.382131324
,10000,1870,5.347593583,,10000,1879,5.321979776
,10000,1865,5.361930295,,10000,1866,5.359056806
,10000,1850,5.405405405,,10000,1866,5.359056806
,10000,1854,5.393743258,,10000,1870,5.347593583
,10000,1845,5.420054201,,10000,1860,5.376344086
,10000,1859,5.379236148,,10000,1867,5.356186395
,10000,1863,5.367686527,,10000,1853,5.396654074
,10000,1859,5.379236148,,10000,1869,5.350454789
,15000,2679,5.599104143,,15000,2683,5.590756616
,15000,2701,5.553498704,,15000,2693,5.569996287
,15000,2692,5.572065379,,15000,2687,5.582433941
,15000,2678,5.601194922,,15000,2689,5.578281889
,15000,2686,5.584512286,,15000,2682,5.592841163
,15000,2669,5.620082428,,15000,2707,5.541189509
,15000,2681,5.594927266,,15000,2693,5.569996287
,15000,2701,5.553498704,,15000,2702,5.551443375
,15000,2677,5.603287262,,15000,2695,5.565862709
,15000,2682,5.592841163,,15000,2686,5.584512286
,15000,2684,5.588673621,,15000,2675,5.607476636
,15000,2683,5.590756616,,15000,2681,5.594927266
,15000,2687,5.582433941,,15000,2684,5.588673621
,15000,2686,5.584512286,,15000,2698,5.559673832
,15000,2699,5.557613931,,15000,2698,5.559673832
,15000,2672,5.613772455,,15000,2674,5.609573672
,15000,2684,5.588673621,,15000,2673,5.611672278
,15000,2654,5.65184627,,15000,2692,5.572065379
,15000,2684,5.588673621,,15000,2702,5.551443375
,15000,2682,5.592841163,,15000,2679,5.599104143
,15000,2671,5.615874204,,15000,2695,5.565862709
,15000,2671,5.615874204,,15000,2687,5.582433941
,15000,2681,5.594927266,,15000,2690,5.576208178
,15000,2684,5.588673621,,15000,2689,5.578281889
,15000,2674,5.609573672,,15000,2692,5.572065379
,15000,2686,5.584512286,,15000,2696,5.56379822
,15000,2692,5.572065379,,15000,2709,5.53709856
,15000,2687,5.582433941,,15000,2673,5.611672278
,15000,2706,5.543237251,,15000,2697,5.561735261
,15000,2668,5.622188906,,15000,2704,5.547337278
,15000,2686,5.584512286,,15000,2681,5.594927266
,15000,2693,5.569996287,,15000,2685,5.586592179
,15000,2690,5.576208178,,15000,2685,5.586592179
,15000,2679,5.599104143,,15000,2693,5.569996287
,15000,2694,5.567928731,,15000,2688,5.580357143
,15000,2682,5.592841163,,15000,2688,5.580357143
,15000,2682,5.592841163,,15000,2688,5.580357143
,15000,2683,5.590756616,,15000,2696,5.56379822
,15000,2676,5.605381166,,15000,2675,5.607476636
,15000,2711,5.533013648,,15000,2688,5.580357143
,15000,2673,5.611672278,,15000,2674,5.609573672
,15000,2694,5.567928731,,15000,2674,5.609573672
,15000,2673,5.611672278,,15000,2690,5.576208178
,15000,2677,5.603287262,,15000,2671,5.615874204
,15000,2675,5.607476636,,15000,2706,5.543237251
,15000,2682,5.592841163,,15000,2693,5.569996287
,15000,2684,5.588673621,,15000,2684,5.588673621
,15000,2688,5.580357143,,15000,2687,5.582433941
,15000,2672,5.613772455,,15000,2699,5.557613931
,15000,2676,5.605381166,,15000,2689,5.578281889
,15000,2670,5.617977528,,15000,2699,5.557613931
,15000,2674,5.609573672,,15000,2686,5.584512286
,15000,2655,5.649717514,,15000,2690,5.576208178
,15000,2676,5.605381166,,15000,2690,5.576208178
,15000,2690,5.576208178,,15000,2690,5.576208178
,15000,2680,5.597014925,,15000,2672,5.613772455
,15000,2682,5.592841163,,15000,2688,5.580357143
,15000,2666,5.626406602,,15000,2706,5.543237251
,15000,2673,5.611672278,,15000,2693,5.569996287
,15000,2678,5.601194922,,15000,2672,5.613772455
,15000,2682,5.592841163,,15000,2705,5.545286506
,15000,2671,5.615874204,,15000,2675,5.607476636
,15000,2677,5.603287262,,15000,2681,5.594927266
,15000,2679,5.599104143,,15000,2694,5.567928731
,15000,2679,5.599104143,,15000,2688,5.580357143
,15000,2678,5.601194922,,15000,2670,5.617977528
,15000,2673,5.611672278,,15000,2696,5.56379822
,15000,2678,5.601194922,,15000,2701,5.553498704
,15000,2659,5.641218503,,15000,2679,5.599104143
,15000,2678,5.601194922,,15000,2681,5.594927266
,15000,2675,5.607476636,,15000,2696,5.56379822
,15000,2682,5.592841163,,15000,2693,5.569996287
,15000,2679,5.599104143,,15000,2694,5.567928731
,15000,2677,5.603287262,,15000,2677,5.603287262
,15000,2707,5.541189509,,15000,2692,5.572065379
,15000,2675,5.607476636,,15000,2678,5.601194922
,15000,2690,5.576208178,,15000,2672,5.613772455
,15000,2694,5.567928731,,15000,2682,5.592841163
,15000,2664,5.630630631,,15000,2688,5.580357143
,15000,2688,5.580357143,,15000,2687,5.582433941
,15000,2685,5.586592179,,15000,2694,5.567928731
,15000,2678,5.601194922,,15000,2692,5.572065379
,15000,2690,5.576208178,,15000,2695,5.565862709
,15000,2676,5.605381166,,15000,2706,5.543237251
,15000,2671,5.615874204,,15000,2689,5.578281889
,15000,2682,5.592841163,,15000,2683,5.590756616
,15000,2682,5.592841163,,15000,2700,5.555555556
,15000,2692,5.572065379,,15000,2695,5.565862709
,15000,2678,5.601194922,,15000,2696,5.56379822
,15000,2667,5.624296963,,15000,2688,5.580357143
,15000,2689,5.578281889,,15000,2698,5.559673832
,15000,2692,5.572065379,,15000,2688,5.580357143
,15000,2700,5.555555556,,15000,2679,5.599104143
,15000,2677,5.603287262,,15000,2700,5.555555556
,15000,2679,5.599104143,,15000,2688,5.580357143
,15000,2676,5.605381166,,15000,2691,5.574136009
,15000,2685,5.586592179,,15000,2664,5.630630631
,15000,2673,5.611672278,,15000,2693,5.569996287
,15000,2706,5.543237251,,15000,2694,5.567928731
,15000,2670,5.617977528,,15000,2668,5.622188906
,20000,3503,5.70939195,,20000,3527,5.670541537
,20000,3522,5.678591709,,20000,3502,5.711022273
,20000,3498,5.717552887,,20000,3508,5.701254276
,20000,3512,5.69476082,,20000,3515,5.689900427
,20000,3511,5.696382797,,20000,3524,5.675368899
,20000,3499,5.715918834,,20000,3516,5.688282139
,20000,3494,5.724098454,,20000,3497,5.719187875
,20000,3503,5.70939195,,20000,3506,5.70450656
,20000,3521,5.680204487,,20000,3493,5.725737189
,20000,3507,5.702879954,,20000,3522,5.678591709
,20000,3502,5.711022273,,20000,3511,5.696382797
,20000,3503,5.70939195,,20000,3506,5.70450656
,20000,3527,5.670541537,,20000,3528,5.66893424
,20000,3508,5.701254276,,20000,3507,5.702879954
,20000,3504,5.707762557,,20000,3498,5.717552887
,20000,3509,5.699629524,,20000,3486,5.737234653
,20000,3514,5.691519636,,20000,3501,5.712653528
,20000,3520,5.681818182,,20000,3512,5.69476082
,20000,3505,5.706134094,,20000,3513,5.693139767
,20000,3518,5.685048323,,20000,3510,5.698005698
,20000,3524,5.675368899,,20000,3518,5.685048323
,20000,3475,5.755395683,,20000,3500,5.714285714
,20000,3505,5.706134094,,20000,3500,5.714285714
,20000,3491,5.729017474,,20000,3530,5.66572238
,20000,3514,5.691519636,,20000,3522,5.678591709
,20000,3519,5.683432793,,20000,3496,5.720823799
,20000,3512,5.69476082,,20000,3524,5.675368899
,20000,3511,5.696382797,,20000,3507,5.702879954
,20000,3514,5.691519636,,20000,3517,5.686664771
,20000,3493,5.725737189,,20000,3520,5.681818182
,20000,3501,5.712653528,,20000,3493,5.725737189
,20000,3509,5.699629524,,20000,3506,5.70450656
,20000,3509,5.699629524,,20000,3531,5.664117814
,20000,3517,5.686664771,,20000,3509,5.699629524
,20000,3507,5.702879954,,20000,3509,5.699629524
,20000,3497,5.719187875,,20000,3510,5.698005698
,20000,3497,5.719187875,,20000,3518,5.685048323
,20000,3508,5.701254276,,20000,3503,5.70939195
,20000,3538,5.652911249,,20000,3509,5.699629524
,20000,3485,5.738880918,,20000,3524,5.675368899
,20000,3519,5.683432793,,20000,3512,5.69476082
,20000,3513,5.693139767,,20000,3523,5.676979847
,20000,3513,5.693139767,,20000,3514,5.691519636
,20000,3523,5.676979847,,20000,3507,5.702879954
,20000,3502,5.711022273,,20000,3533,5.660911407
,20000,3508,5.701254276,,20000,3503,5.70939195
,20000,3514,5.691519636,,20000,3528,5.66893424
,20000,3513,5.693139767,,20000,3500,5.714285714
,20000,3484,5.740528129,,20000,3525,5.673758865
,20000,3502,5.711022273,,20000,3527,5.670541537
,20000,3493,5.725737189,,20000,3522,5.678591709
,20000,3510,5.698005698,,20000,3499,5.715918834
,20000,3464,5.773672055,,20000,3528,5.66893424
,20000,3510,5.698005698,,20000,3523,5.676979847
,20000,3518,5.685048323,,20000,3507,5.702879954
,20000,3519,5.683432793,,20000,3513,5.693139767
,20000,3504,5.707762557,,20000,3501,5.712653528
,20000,3513,5.693139767,,20000,3514,5.691519636
,20000,3517,5.686664771,,20000,3508,5.701254276
,20000,3499,5.715918834,,20000,3532,5.662514156
,20000,3527,5.670541537,,20000,3517,5.686664771
,20000,3512,5.69476082,,20000,3495,5.722460658
,20000,3511,5.696382797,,20000,3489,5.732301519
,20000,3500,5.714285714,,20000,3502,5.711022273
,20000,3512,5.69476082,,20000,3520,5.681818182
,20000,3509,5.699629524,,20000,3492,5.727376861
,20000,3522,5.678591709,,20000,3527,5.670541537
,20000,3501,5.712653528,,20000,3513,5.693139767
,20000,3511,5.696382797,,20000,3515,5.689900427
,20000,3506,5.70450656,,20000,3512,5.69476082
,20000,3503,5.70939195,,20000,3536,5.656108597
,20000,3509,5.699629524,,20000,3517,5.686664771
,20000,3508,5.701254276,,20000,3523,5.676979847
,20000,3505,5.706134094,,20000,3544,5.643340858
,20000,3528,5.66893424,,20000,3506,5.70450656
,20000,3517,5.686664771,,20000,3518,5.685048323
,20000,3508,5.701254276,,20000,3525,5.673758865
,20000,3494,5.724098454,,20000,3514,5.691519636
,20000,3499,5.715918834,,20000,3502,5.711022273
,20000,3492,5.727376861,,20000,3525,5.673758865
,20000,3524,5.675368899,,20000,3518,5.685048323
,20000,3518,5.685048323,,20000,3522,5.678591709
,20000,3480,5.747126437,,20000,3506,5.70450656
,20000,3507,5.702879954,,20000,3497,5.719187875
,20000,3502,5.711022273,,20000,3502,5.711022273
,20000,3516,5.688282139,,20000,3516,5.688282139
,20000,3513,5.693139767,,20000,3515,5.689900427
,20000,3493,5.725737189,,20000,3516,5.688282139
,20000,3515,5.689900427,,20000,3521,5.680204487
,20000,3511,5.696382797,,20000,3488,5.733944954
,20000,3500,5.714285714,,20000,3541,5.648121999
,20000,3509,5.699629524,,20000,3523,5.676979847
,20000,3516,5.688282139,,20000,3499,5.715918834
,20000,3506,5.70450656,,20000,3512,5.69476082
,20000,3507,5.702879954,,20000,3518,5.685048323
,20000,3514,5.691519636,,20000,3523,5.676979847
,20000,3493,5.725737189,,20000,3508,5.701254276
,20000,3509,5.699629524,,20000,3530,5.66572238
,20000,3508,5.701254276,,20000,3510,5.698005698
,20000,3510,5.698005698,,20000,3499,5.715918834
,25000,4325,5.780346821,,25000,4342,5.757715339
,25000,4339,5.761696243,,25000,4342,5.757715339
,25000,4321,5.785697755,,25000,4338,5.763024435
,25000,4352,5.744485294,,25000,4342,5.757715339
,25000,4341,5.759041695,,25000,4352,5.744485294
,25000,4301,5.812601721,,25000,4338,5.763024435
,25000,4344,5.755064457,,25000,4327,5.777675064
,25000,4341,5.759041695,,25000,4333,5.76967459
,25000,4329,5.775005775,,25000,4327,5.777675064
,25000,4315,5.793742758,,25000,4348,5.749770009
,25000,4334,5.768343332,,25000,4344,5.755064457
,25000,4328,5.776340111,,25000,4319,5.788376939
,25000,4351,5.745805562,,25000,4356,5.739210285
,25000,4334,5.768343332,,25000,4342,5.757715339
,25000,4313,5.796429399,,25000,4334,5.768343332
,25000,4330,5.773672055,,25000,4329,5.775005775
,25000,4326,5.779010633,,25000,4347,5.751092708
,25000,4340,5.760368664,,25000,4330,5.773672055
,25000,4349,5.748447919,,25000,4359,5.735260381
,25000,4331,5.772338952,,25000,4363,5.730002292
,25000,4334,5.768343332,,25000,4333,5.76967459
,25000,4337,5.76435324,,25000,4365,5.727376861
,25000,4342,5.757715339,,25000,4363,5.730002292
,25000,4353,5.743165633,,25000,4335,5.767012687
,25000,4345,5.753739931,,25000,4338,5.763024435
,25000,4347,5.751092708,,25000,4321,5.785697755
,25000,4350,5.747126437,,25000,4351,5.745805562
,25000,4327,5.777675064,,25000,4344,5.755064457
,25000,4324,5.781683626,,25000,4334,5.768343332
,25000,4328,5.776340111,,25000,4331,5.772338952
,25000,4328,5.776340111,,25000,4316,5.792400371
,25000,4336,5.765682657,,25000,4345,5.753739931
,25000,4343,5.756389592,,25000,4330,5.773672055
,25000,4325,5.780346821,,25000,4345,5.753739931
,25000,4335,5.767012687,,25000,4335,5.767012687
,25000,4341,5.759041695,,25000,4350,5.747126437
,25000,4298,5.816658911,,25000,4310,5.800464037
,25000,4327,5.777675064,,25000,4362,5.73131591
,25000,4316,5.792400371,,25000,4339,5.761696243
,25000,4351,5.745805562,,25000,4340,5.760368664
,25000,4352,5.744485294,,25000,4334,5.768343332
,25000,4343,5.756389592,,25000,4321,5.785697755
,25000,4334,5.768343332,,25000,4324,5.781683626
,25000,4347,5.751092708,,25000,4343,5.756389592
,25000,4333,5.76967459,,25000,4338,5.763024435
,25000,4323,5.78302105,,25000,4337,5.76435324
,25000,4344,5.755064457,,25000,4349,5.748447919
,25000,4327,5.777675064,,25000,4367,5.724753836
,25000,4351,5.745805562,,25000,4366,5.726065048
,25000,4331,5.772338952,,25000,4332,5.771006464
,25000,4342,5.757715339,,25000,4345,5.753739931
,25000,4327,5.777675064,,25000,4355,5.740528129
,25000,4319,5.788376939,,25000,4317,5.791058606
,25000,4312,5.797773655,,25000,4355,5.740528129
,25000,4337,5.76435324,,25000,4325,5.780346821
,25000,4326,5.779010633,,25000,4347,5.751092708
,25000,4343,5.756389592,,25000,4327,5.777675064
,25000,4338,5.763024435,,25000,4345,5.753739931
,25000,4357,5.737893046,,25000,4354,5.741846578
,25000,4340,5.760368664,,25000,4325,5.780346821
,25000,4340,5.760368664,,25000,4336,5.765682657
,25000,4333,5.76967459,,25000,4349,5.748447919
,25000,4335,5.767012687,,25000,4346,5.752416015
,25000,4338,5.763024435,,25000,4334,5.768343332
,25000,4342,5.757715339,,25000,4344,5.755064457
,25000,4352,5.744485294,,25000,4329,5.775005775
,25000,4342,5.757715339,,25000,4320,5.787037037
,25000,4310,5.800464037,,25000,4352,5.744485294
,25000,4348,5.749770009,,25000,4339,5.761696243
,25000,4342,5.757715339,,25000,4330,5.773672055
,25000,4330,5.773672055,,25000,4340,5.760368664
,25000,4371,5.719514985,,25000,4337,5.76435324
,25000,4326,5.779010633,,25000,4331,5.772338952
,25000,4341,5.759041695,,25000,4340,5.760368664
,25000,4330,5.773672055,,25000,4325,5.780346821
,25000,4323,5.78302105,,25000,4363,5.730002292
,25000,4332,5.771006464,,25000,4318,5.789717462
,25000,4368,5.723443223,,25000,4325,5.780346821
,25000,4338,5.763024435,,25000,4349,5.748447919
,25000,4339,5.761696243,,25000,4359,5.735260381
,25000,4333,5.76967459,,25000,4347,5.751092708
,25000,4337,5.76435324,,25000,4332,5.771006464
,25000,4337,5.76435324,,25000,4337,5.76435324
,25000,4358,5.736576411,,25000,4330,5.773672055
,25000,4344,5.755064457,,25000,4354,5.741846578
,25000,4346,5.752416015,,25000,4352,5.744485294
,25000,4342,5.757715339,,25000,4353,5.743165633
,25000,4315,5.793742758,,25000,4330,5.773672055
,25000,4332,5.771006464,,25000,4349,5.748447919
,25000,4330,5.773672055,,25000,4342,5.757715339
,25000,4325,5.780346821,,25000,4332,5.771006464
,25000,4341,5.759041695,,25000,4356,5.739210285
,25000,4334,5.768343332,,25000,4325,5.780346821
,25000,4326,5.779010633,,25000,4365,5.727376861
,25000,4343,5.756389592,,25000,4334,5.768343332
,25000,4333,5.76967459,,25000,4344,5.755064457
,25000,4340,5.760368664,,25000,4346,5.752416015
,25000,4330,5.773672055,,25000,4344,5.755064457
,25000,4331,5.772338952,,25000,4344,5.755064457
,25000,4341,5.759041695,,25000,4338,5.763024435
,30000,5184,5.787037037,,30000,5170,5.80270793
,30000,5168,5.80495356,,30000,5162,5.811700891
,30000,5158,5.816207832,,30000,5173,5.799342741
,30000,5146,5.829770696,,30000,5180,5.791505792
,30000,5167,5.806077027,,30000,5174,5.798221879
,30000,5156,5.818463926,,30000,5164,5.809450039
,30000,5177,5.794861889,,30000,5184,5.787037037
,30000,5182,5.789270552,,30000,5158,5.816207832
,30000,5158,5.816207832,,30000,5165,5.808325266
,30000,5171,5.801585767,,30000,5178,5.793742758
,30000,5173,5.799342741,,30000,5181,5.790387956
,30000,5141,5.835440576,,30000,5173,5.799342741
,30000,5175,5.797101449,,30000,5160,5.813953488
,30000,5192,5.778120185,,30000,5195,5.774783446
,30000,5168,5.80495356,,30000,5176,5.795981453
,30000,5138,5.838847801,,30000,5142,5.834305718
,30000,5113,5.867396832,,30000,5154,5.820721769
,30000,5155,5.819592629,,30000,5174,5.798221879
,30000,5150,5.825242718,,30000,5177,5.794861889
,30000,5150,5.825242718,,30000,5184,5.787037037
,30000,5168,5.80495356,,30000,5151,5.824111823
,30000,5138,5.838847801,,30000,5173,5.799342741
,30000,5178,5.793742758,,30000,5162,5.811700891
,30000,5149,5.826374053,,30000,5184,5.787037037
,30000,5155,5.819592629,,30000,5180,5.791505792
,30000,5179,5.792624059,,30000,5185,5.785920926
,30000,5156,5.818463926,,30000,5164,5.809450039
,30000,5145,5.83090379,,30000,5172,5.800464037
,30000,5141,5.835440576,,30000,5123,5.855943783
,30000,5170,5.80270793,,30000,5179,5.792624059
,30000,5166,5.807200929,,30000,5155,5.819592629
,30000,5189,5.781460782,,30000,5180,5.791505792
,30000,5152,5.822981366,,30000,5170,5.80270793
,30000,5167,5.806077027,,30000,5175,5.797101449
,30000,5161,5.812826972,,30000,5152,5.822981366
,30000,5154,5.820721769,,30000,5155,5.819592629
,30000,5164,5.809450039,,30000,5161,5.812826972
,30000,5148,5.827505828,,30000,5173,5.799342741
,30000,5171,5.801585767,,30000,5134,5.843396961
,30000,5155,5.819592629,,30000,5169,5.803830528
,30000,5163,5.810575247,,30000,5172,5.800464037
,30000,5152,5.822981366,,30000,5171,5.801585767
,30000,5173,5.799342741,,30000,5152,5.822981366
,30000,5143,5.833171301,,30000,5181,5.790387956
,30000,5157,5.81733566,,30000,5172,5.800464037
,30000,5148,5.827505828,,30000,5141,5.835440576
,30000,5143,5.833171301,,30000,5186,5.784805245
,30000,5184,5.787037037,,30000,5168,5.80495356
,30000,5193,5.77700751,,30000,5175,5.797101449
,30000,5157,5.81733566,,30000,5182,5.789270552
,30000,5155,5.819592629,,30000,5175,5.797101449
,30000,5152,5.822981366,,30000,5177,5.794861889
,30000,5161,5.812826972,,30000,5161,5.812826972
,30000,5144,5.832037325,,30000,5161,5.812826972
,30000,5165,5.808325266,,30000,5183,5.788153579
,30000,5176,5.795981453,,30000,5177,5.794861889
,30000,5173,5.799342741,,30000,5177,5.794861889
,30000,5168,5.80495356,,30000,5163,5.810575247
,30000,5148,5.827505828,,30000,5141,5.835440576
,30000,5151,5.824111823,,30000,5168,5.80495356
,30000,5147,5.828638042,,30000,5150,5.825242718
,30000,5162,5.811700891,,30000,5157,5.81733566
,30000,5163,5.810575247,,30000,5170,5.80270793
,30000,5175,5.797101449,,30000,5156,5.818463926
,30000,5164,5.809450039,,30000,5152,5.822981366
,30000,5148,5.827505828,,30000,5157,5.81733566
,30000,5176,5.795981453,,30000,5177,5.794861889
,30000,5157,5.81733566,,30000,5182,5.789270552
,30000,5168,5.80495356,,30000,5165,5.808325266
,30000,5139,5.837711617,,30000,5162,5.811700891
,30000,5153,5.821851349,,30000,5143,5.833171301
,30000,5148,5.827505828,,30000,5189,5.781460782
,30000,5156,5.818463926,,30000,5169,5.803830528
,30000,5191,5.779233288,,30000,5173,5.799342741
,30000,5139,5.837711617,,30000,5173,5.799342741
,30000,5163,5.810575247,,30000,5168,5.80495356
,30000,5154,5.820721769,,30000,5166,5.807200929
,30000,5154,5.820721769,,30000,5179,5.792624059
,30000,5150,5.825242718,,30000,5150,5.825242718
,30000,5149,5.826374053,,30000,5175,5.797101449
,30000,5161,5.812826972,,30000,5200,5.769230769
,30000,5172,5.800464037,,30000,5169,5.803830528
,30000,5167,5.806077027,,30000,5176,5.795981453
,30000,5171,5.801585767,,30000,5160,5.813953488
,30000,5161,5.812826972,,30000,5169,5.803830528
,30000,5172,5.800464037,,30000,5141,5.835440576
,30000,5177,5.794861889,,30000,5191,5.779233288
,30000,5152,5.822981366,,30000,5188,5.782575173
,30000,5154,5.820721769,,30000,5154,5.820721769
,30000,5172,5.800464037,,30000,5156,5.818463926
,30000,5151,5.824111823,,30000,5152,5.822981366
,30000,5171,5.801585767,,30000,5171,5.801585767
,30000,5155,5.819592629,,30000,5174,5.798221879
,30000,5163,5.810575247,,30000,5190,5.780346821
,30000,5165,5.808325266,,30000,5175,5.797101449
,30000,5157,5.81733566,,30000,5196,5.773672055
,30000,5158,5.816207832,,30000,5186,5.784805245
,30000,5171,5.801585767,,30000,5176,5.795981453
,30000,5155,5.819592629,,30000,5154,5.820721769
,30000,5147,5.828638042,,30000,5160,5.813953488
,35000,5975,5.857740586,,35000,6009,5.824596439
,35000,5979,5.853821709,,35000,5990,5.843071786
,35000,6002,5.831389537,,35000,5989,5.84404742
,35000,5986,5.846976278,,35000,5986,5.846976278
,35000,5997,5.836251459,,35000,5997,5.836251459
,35000,5990,5.843071786,,35000,5995,5.838198499
,35000,5990,5.843071786,,35000,5985,5.847953216
,35000,5975,5.857740586,,35000,5982,5.850885991
,35000,5968,5.86461126,,35000,5985,5.847953216
,35000,5977,5.855780492,,35000,6002,5.831389537
,35000,5999,5.834305718,,35000,6052,5.783212161
,35000,6001,5.832361273,,35000,5991,5.842096478
,35000,6011,5.822658459,,35000,5978,5.854800937
,35000,6019,5.814919422,,35000,5975,5.857740586
,35000,6010,5.823627288,,35000,6002,5.831389537
,35000,5990,5.843071786,,35000,6000,5.833333333
,35000,5979,5.853821709,,35000,5984,5.848930481
,35000,5985,5.847953216,,35000,5990,5.843071786
,35000,5998,5.835278426,,35000,5971,5.861664713
,35000,5970,5.862646566,,35000,5970,5.862646566
,35000,5977,5.855780492,,35000,6004,5.829447035
,35000,5970,5.862646566,,35000,5995,5.838198499
,35000,5987,5.845999666,,35000,5998,5.835278426
,35000,5985,5.847953216,,35000,6004,5.829447035
,35000,6005,5.82847627,,35000,6008,5.825565912
,35000,5980,5.852842809,,35000,6010,5.823627288
,35000,5991,5.842096478,,35000,6000,5.833333333
,35000,5988,5.84502338,,35000,6003,5.830418124
,35000,5977,5.855780492,,35000,6020,5.813953488
,35000,5979,5.853821709,,35000,6027,5.807200929
,35000,5965,5.867560771,,35000,6005,5.82847627
,35000,6002,5.831389537,,35000,6003,5.830418124
,35000,5991,5.842096478,,35000,5993,5.840146838
,35000,5981,5.851864237,,35000,5990,5.843071786
,35000,5985,5.847953216,,35000,5993,5.840146838
,35000,6000,5.833333333,,35000,5993,5.840146838
,35000,5969,5.863628749,,35000,5996,5.837224817
,35000,5975,5.857740586,,35000,5985,5.847953216
,35000,6006,5.827505828,,35000,5982,5.850885991
,35000,6001,5.832361273,,35000,5995,5.838198499
,35000,6021,5.812987876,,35000,5988,5.84502338
,35000,5991,5.842096478,,35000,5995,5.838198499
,35000,5974,5.858721125,,35000,5982,5.850885991
,35000,5983,5.849908073,,35000,5999,5.834305718
,35000,5958,5.874454515,,35000,5986,5.846976278
,35000,5979,5.853821709,,35000,5987,5.845999666
,35000,5971,5.861664713,,35000,5948,5.884330868
,35000,5977,5.855780492,,35000,5959,5.873468703
,35000,5979,5.853821709,,35000,6001,5.832361273
,35000,5972,5.860683188,,35000,5998,5.835278426
,35000,5991,5.842096478,,35000,5995,5.838198499
,35000,6017,5.816852252,,35000,6014,5.819753908
,35000,5981,5.851864237,,35000,6019,5.814919422
,35000,5987,5.845999666,,35000,5988,5.84502338
,35000,5995,5.838198499,,35000,5982,5.850885991
,35000,5970,5.862646566,,35000,5998,5.835278426
,35000,5985,5.847953216,,35000,5995,5.838198499
,35000,5986,5.846976278,,35000,6005,5.82847627
,35000,5990,5.843071786,,35000,5995,5.838198499
,35000,5950,5.882352941,,35000,5996,5.837224817
,35000,5989,5.84404742,,35000,5986,5.846976278
,35000,5974,5.858721125,,35000,6007,5.826535708
,35000,5999,5.834305718,,35000,6005,5.82847627
,35000,5985,5.847953216,,35000,6017,5.816852252
,35000,5989,5.84404742,,35000,5995,5.838198499
,35000,5974,5.858721125,,35000,6000,5.833333333
,35000,5982,5.850885991,,35000,5990,5.843071786
,35000,5994,5.839172506,,35000,5971,5.861664713
,35000,5965,5.867560771,,35000,6005,5.82847627
,35000,5944,5.888290713,,35000,6013,5.820721769
,35000,5995,5.838198499,,35000,6007,5.826535708
,35000,5994,5.839172506,,35000,5997,5.836251459
,35000,5982,5.850885991,,35000,5992,5.841121495
,35000,5985,5.847953216,,35000,5993,5.840146838
,35000,6003,5.830418124,,35000,6013,5.820721769
,35000,5986,5.846976278,,35000,5975,5.857740586
,35000,5989,5.84404742,,35000,6008,5.825565912
,35000,6008,5.825565912,,35000,5993,5.840146838
,35000,5991,5.842096478,,35000,5988,5.84502338
,35000,5995,5.838198499,,35000,6004,5.829447035
,35000,5990,5.843071786,,35000,6007,5.826535708
,35000,5971,5.861664713,,35000,6018,5.815885676
,35000,5975,5.857740586,,35000,6004,5.829447035
,35000,5983,5.849908073,,35000,5989,5.84404742
,35000,5955,5.877413938,,35000,6003,5.830418124
,35000,5976,5.856760375,,35000,6007,5.826535708
,35000,6022,5.812022584,,35000,5999,5.834305718
,35000,5970,5.862646566,,35000,5997,5.836251459
,35000,6000,5.833333333,,35000,5993,5.840146838
,35000,6017,5.816852252,,35000,5983,5.849908073
,35000,6003,5.830418124,,35000,5992,5.841121495
,35000,5994,5.839172506,,35000,6022,5.812022584
,35000,5966,5.866577271,,35000,5998,5.835278426
,35000,6003,5.830418124,,35000,5979,5.853821709
,35000,5990,5.843071786,,35000,5981,5.851864237
,35000,5985,5.847953216,,35000,5972,5.860683188
,35000,5987,5.845999666,,35000,5972,5.860683188
,35000,5989,5.84404742,,35000,5998,5.835278426
,35000,5987,5.845999666,,35000,6006,5.827505828
,35000,5983,5.849908073,,35000,5983,5.849908073
,40000,6836,5.851375073,,40000,6880,5.813953488
,40000,6842,5.846243788,,40000,6822,5.863383172
,40000,6804,5.878894768,,40000,6816,5.868544601
,40000,6835,5.852231163,,40000,6849,5.840268652
,40000,6828,5.858230814,,40000,6843,5.845389449
,40000,6833,5.853944095,,40000,6834,5.853087504
,40000,6862,5.829204314,,40000,6842,5.846243788
,40000,6822,5.863383172,,40000,6829,5.857372968
,40000,6850,5.839416058,,40000,6867,5.824959953
,40000,6838,5.849663644,,40000,6805,5.87803086
,40000,6842,5.846243788,,40000,6832,5.854800937
,40000,6819,5.865962751,,40000,6839,5.848808305
,40000,6860,5.83090379,,40000,6840,5.847953216
,40000,6812,5.871990605,,40000,6843,5.845389449
,40000,6839,5.848808305,,40000,6835,5.852231163
,40000,6826,5.85994726,,40000,6878,5.815644083
,40000,6820,5.865102639,,40000,6843,5.845389449
,40000,6838,5.849663644,,40000,6842,5.846243788
,40000,6851,5.838563713,,40000,6811,5.872852738
,40000,6841,5.847098377,,40000,6849,5.840268652
,40000,6818,5.866823115,,40000,6849,5.840268652
,40000,6838,5.849663644,,40000,6843,5.845389449
,40000,6858,5.832604258,,40000,6848,5.841121495
,40000,6851,5.838563713,,40000,6823,5.862523817
,40000,6833,5.853944095,,40000,6820,5.865102639
,40000,6832,5.854800937,,40000,6857,5.833454864
,40000,6808,5.875440658,,40000,6866,5.825808331
,40000,6847,5.841974587,,40000,6830,5.856515373
,40000,6854,5.83600817,,40000,6815,5.869405723
,40000,6857,5.833454864,,40000,6855,5.83515682
,40000,6863,5.828354947,,40000,6863,5.828354947
,40000,6834,5.853087504,,40000,6843,5.845389449
,40000,6812,5.871990605,,40000,6841,5.847098377
,40000,6847,5.841974587,,40000,6851,5.838563713
,40000,6832,5.854800937,,40000,6835,5.852231163
,40000,6841,5.847098377,,40000,6852,5.837711617
,40000,6858,5.832604258,,40000,6866,5.825808331
,40000,6835,5.852231163,,40000,6861,5.830053928
,40000,6835,5.852231163,,40000,6817,5.867683732
,40000,6791,5.890148726,,40000,6847,5.841974587
,40000,6836,5.851375073,,40000,6836,5.851375073
,40000,6858,5.832604258,,40000,6844,5.844535359
,40000,6869,5.823263939,,40000,6840,5.847953216
,40000,6793,5.888414544,,40000,6841,5.847098377
,40000,6852,5.837711617,,40000,6835,5.852231163
,40000,6816,5.868544601,,40000,6872,5.820721769
,40000,6820,5.865102639,,40000,6836,5.851375073
,40000,6831,5.85565803,,40000,6840,5.847953216
,40000,6818,5.866823115,,40000,6864,5.827505828
,40000,6839,5.848808305,,40000,6844,5.844535359
,40000,6822,5.863383172,,40000,6833,5.853944095
,40000,6822,5.863383172,,40000,6855,5.83515682
,40000,6836,5.851375073,,40000,6824,5.861664713
,40000,6836,5.851375073,,40000,6855,5.83515682
,40000,6835,5.852231163,,40000,6858,5.832604258
,40000,6824,5.861664713,,40000,6846,5.842827929
,40000,6846,5.842827929,,40000,6854,5.83600817
,40000,6863,5.828354947,,40000,6808,5.875440658
,40000,6848,5.841121495,,40000,6819,5.865962751
,40000,6854,5.83600817,,40000,6854,5.83600817
,40000,6841,5.847098377,,40000,6850,5.839416058
,40000,6846,5.842827929,,40000,6842,5.846243788
,40000,6837,5.850519234,,40000,6812,5.871990605
,40000,6825,5.860805861,,40000,6849,5.840268652
,40000,6829,5.857372968,,40000,6818,5.866823115
,40000,6855,5.83515682,,40000,6848,5.841121495
,40000,6828,5.858230814,,40000,6816,5.868544601
,40000,6823,5.862523817,,40000,6814,5.870267097
,40000,6814,5.870267097,,40000,6833,5.853944095
,40000,6837,5.850519234,,40000,6855,5.83515682
,40000,6845,5.843681519,,40000,6837,5.850519234
,40000,6815,5.869405723,,40000,6842,5.846243788
,40000,6823,5.862523817,,40000,6858,5.832604258
,40000,6863,5.828354947,,40000,6854,5.83600817
,40000,6833,5.853944095,,40000,6867,5.824959953
,40000,6877,5.816489748,,40000,6833,5.853944095
,40000,6813,5.871128724,,40000,6834,5.853087504
,40000,6838,5.849663644,,40000,6845,5.843681519
,40000,6837,5.850519234,,40000,6850,5.839416058
,40000,6840,5.847953216,,40000,6863,5.828354947
,40000,6841,5.847098377,,40000,6836,5.851375073
,40000,6835,5.852231163,,40000,6845,5.843681519
,40000,6864,5.827505828,,40000,6843,5.845389449
,40000,6842,5.846243788,,40000,6831,5.85565803
,40000,6820,5.865102639,,40000,6841,5.847098377
,40000,6837,5.850519234,,40000,6853,5.836859769
,40000,6815,5.869405723,,40000,6857,5.833454864
,40000,6859,5.8317539,,40000,6823,5.862523817
,40000,6851,5.838563713,,40000,6826,5.85994726
,40000,6798,5.884083554,,40000,6846,5.842827929
,40000,6797,5.884949242,,40000,6844,5.844535359
,40000,6836,5.851375073,,40000,6834,5.853087504
,40000,6835,5.852231163,,40000,6850,5.839416058
,40000,6837,5.850519234,,40000,6864,5.827505828
,40000,6837,5.850519234,,40000,6866,5.825808331
,40000,6850,5.839416058,,40000,6838,5.849663644
,40000,6840,5.847953216,,40000,6861,5.830053928
,40000,6805,5.87803086,,40000,6825,5.860805861
,40000,6825,5.860805861,,40000,6814,5.870267097
,40000,6816,5.868544601,,40000,6841,5.847098377
